EX00C,1
KONKA_58M2800A_DD,1
ZTE BV0710T,1
SM-G5700,1
LED65K600X3D,1
IP706H(13U1),1
VOTO GT07,1
vivo X6S,1
YPPL-RK3368,1
MG101-U3,1
X10(M1D5),1
10MOONS_T2(H5),1
GN3003L,1
lephone T25,1
xiaomi_pub,1
TanMax-M2,1
Can,1
DA222HQL,1
LE50AL88G31M1I1,1
DOOV L5,1
2017.07.01_22:26_1.txt,1
GT-S7278,1
AOSP on SS6B5H_AF008_B,1
SM-C900Y,1
AFTN,1
WEPAD6-M3,1
CEA3,1
F8332,1
F5180,1
BF T26,1
DF-M16,1
M77T,1
B860AV2,1
LC-921W,1
IP706H(88T1),1
Lenovo A320t,1
UOOGOU F5,1
ISEEMINI v2.0,1
E.T_A1,1
Lenovo A806,1
HaTVBox,1
FD3951B-DH,1
V812 Core4,1
KBE_SA12_1440X900_SAW007,1
HX_31xx,1
HUAWEI M2-801L,1
T9510E,1
8S61,1
2018.02.28_16:13_1.txt,1
MG100-U5,1
LS7,1
1703-M01,1
TS15,1
8H66,1
BF_T15,1
2017.07.11_21:23_1.txt,1
CX_A19G,1
Percee TV,1
Skyworth 8H80,1
8H20_U3B,1
10MOONS_OVERSEA_D6U,1
Lenovo A5860,1
AnBo,1
Coolpad 8675-HD,1
NX512J,1
LenovoTV 49K3,1
inphic_i10,1
G86_Q,1
AIOT_H_PJ_C00,1
CX-818,1
CM101S_SINGE,1
woniu,1
??E900???,1
K01E,1
KOXSNI-K62,1
TCL_MSD338_512M_PB752,1
CM,1
M301H_CW0_AH,1
tvpad3s,1
B860AV1.1-T,1
Hisense E621T,1
ROWA_S620,1
ATH-TL00H,1
Coolpad 7270_W00,1
MBX reference board (timehold01),1
Readboy_G200,1
Coolpad 8029,1
T960_CTV_1G,1
V919 Air DualOS,1
K00F,1
KONKA E1,1
LS48AL88G51,1
KKTV_K55J1_3_HSV310_lango,1
x-apple,1
X805,1
TAB 7,1
YQ601,1
vivo X6Plus L,1
LY_20Q3O,1
T1-701ua,1
2013023,1
OPPO A30,1
GT-S7568I,1
K01Q,1
LE32AL88U51R1S1,1
C800i,1
LenovoTV 43E8,1
6200series,1
Fiberhome_HG680V_5_LN,1
LED48K20JD0022,1
7PO,1
CT2200,1
GN9011,1
lephone T2V,1
Skyworth 8R93,1
PIC-TL00,1
Lenovo A850+,1
Lenovo A380t,1
aniu,1
MiniPad,1
CM820,1
ktvmebox,1
????HG680-V,1
kbe_3128m1_pub,1
R4S,1
??GALAXY Tab T118,1
ivvi SS1-01,1
ZTE Q801L,1
PROJECTOR S++_4.42.xx_2017.09.03_20:17_1.txt,1
OWWO 7S,1
2018.02.25_15:56_1.txt,1
virtual machine,1
pivos,1
C901,1
LED32EC310JD,1
STREAM_H910,1
MOOKA_T962,1
KORIDY,1
Suma-Q7(M),1
B860AV1.1_2_SH,1
20435,1
K-Touch L810,1
Full AOSP on ADA,1
E910(???),1
CVTM638_768_PC757,1
HX S905 Series,1
ET66,1
H3_OVERSEAS,1
GT-I9100G,1
D6563,1
F80,1
MBX FEEL board,1
XMATE_A88,1
CSA96Q4,1
LA-S11,1
HUAWEI G660-L075,1
Lingwin 6 2G,1
X4-43N,1
H10,1
10MOONS_TM7,1
Skyworth 8S64 A2,1
SAMSUNG-SGH-I337,1
k62v1_64_bsp,1
X89HD (H21C),1
H903,1
VAT_3128H,1
YNH8,1
ZTE A2017,1
SB882,1
GIONEE GN5006,1
NG2,1
IS-E5-NGH,1
E6683,1
MZ606,1
dostyle DP101,1
STW_2901,1
LE32E5900,1
hongx-A20TV,1
KJD_SA15_1280X800_SAW007,1
42S290,1
HRA962_1G_ALI4GS_R1310,1
LED-42B700S,1
Coolpad 7320,1
EGREAT_A10_CN,1
Coolpad 5952,1
Mytel,1
??HG680-V  526885318@qq.com???,1
LED42EC310JD1000,1
EC6108V9_4G,1
8H35 X6,1
20151209T,1
ZIDOO_X8,1
Z999,1
BFTV,1
ASUS_X00KD,1
XF-3188,1
XM50t,1
FD6552A-SU,1
LED55K370,1
10MOONS-T216G,1
D6D_Duo,1
ET_32,1
8H71,1
B760HS1,1
R2-R10,1
HOKFA F500,1
CVTE_RISONG_MSD628VX_1G_1920X1080_AA0001_PB803,1
??-EC6108V9,1
X10,1
SM-A5009,1
molly,1
SM-T113,1
OO_SeeX1,1
X19,1
HMD,1
A37fw,1
WASU_A200,1
SM-A700FD,1
GOODGRADES,1
vivo V3L,1
ASUS_T00F,1
ShowMe,1
OPALEE,1
Lenovo A808t-i,1
FD5052A-CU,1
FS8016,1
NX511J_V3,1
Vakuan-V16,1
N11,1
Coolpad8150S,1
MEGOG3+_4.42xx_2016.02.13_19:06_1.txt,1
HTC M8St,1
vivo S9,1
P9X,1
2017.10.16_11:41_1.txt,1
P80h(D4C3),1
MG100-U4,1
M101_UM3_SC,1
SEMICONDUCTOR_A31S_S5,1
SM-N7509V,1
U9,1
LE32B510F,1
rk3128_DiyoMate,1
HTC E9pw,1
TbooK 10 S(E6N1),1
fivestar 9R20Z Z200F,1
W10,1
PT2200,1
Coolpad 5367C,1
Viewlab Android Box,1
GT-I9502,1
U910,1
LANGO_310_1024,1
ZTE U795,1
CHUANGSIQI,1
Skyworth 9R25,1
HYUNDAI A11,1
AISHANG_V7,1
ODAK_K10,1
PandaTV,1
CVTE_HV310_512M_PB801_W,1
M 8,1
32PHF5361_T3,1
Bestbuy 9R20Z Z510B,1
RK3128_MYSOTO_MOBILE_52_E,1
Slate,1
EVPAD-PRO-MAX,1
U701T,1
NEO-X7-mini,1
HTC Incredible S,1
TXCZ_A10S,1
Nexus Player,1
WTV43K1G,1
BSL_M11,1
T-M2,1
RK3128_ONLINE_YGBGH_93,1
U28E,1
SM-A7108,1
YBKJ_H300,1
Bird LT02,1
ASUS_Z00UD,1
EIGHT AD100X,1
8676_M01,1
TH_65DX400C,1
VAT_3128M4,1
ASUS_Z00DUO,1
P88HD(M2P6),1
DIYOMATE_A20,1
Z.W_A5_PRO,1
LED48K370,1
P024,1
Softwiner-square,1
SM-G925P,1
X9077,1
BAOFENG_TV MST_6A358,1
MYSOTO_A20_2.1,1
????M101_UM4,1
8H89 E8900,1
Coolpad 5890,1
Nexus 6P,1
2018.05.26_23:27_1.txt,1
U25GT2-H,1
GREAT,1
inphic_i8_i9,1
U100,1
Mi Note,1
D6653,1
EC6108V9A_pub_tjjlt,1
I5-M8Plus,1
Avlight A1,1
MG100-U5_GD,1
ZTE U795+,1
vivo Y35L,1
M6S_SDK12_DDR1G,1
ZTE V0840,1
HTC_D816x,1
P00C,1
MZ85,1
K-Touch T789,1
M612Q,1
ChanghongS07,1
TV_Box,1
Hibox,1
INPHIC_I6_H8,1
NOAIN X7-C,1
HM 1SC,1
LE65R31M1I2,1
i8-Max,1
LYCOO_A20_2.1,1
A_series,1
IDER_BBA33,1
43PFF5659,1
CM CM5S,1
SM-G900T,1
MX9,1
UM-UNT200C1B2,1
HTC M8w,1
Z10,1
Laaboo V9,1
Qbox4,1
ZTE STAR,1
Z91-D,1
MI 2A,1
SM-A510F,1
??E100,1
Readboy_G18,1
DM2116,1
SAMSUNG_T805S,1
EC6108V8U_pub_sxqdx,1
Skyworth 8S70,1
TOOFANS_Q11,1
G7,1
dsxr_01,1
A73,1
32S10,1
GM-T3,1
MASTER,1
INPHIC_I7S,1
U16,1
ASUS_Z00ADB,1
TTPlus,1
MStar Android Box,1
HTC D816w,1
OPPO R9 Plusm,1
M95-max,1
9R60_S9D,1
9R68 F6,1
X550JX,1
NOAIN X9,1
WEIBI X8,1
WASU_MagicBox_SXU,1
vivo X21i A,1
N90DC_S,1
V104-A-D1-01,1
40PFF5301_T3,1
iDST MBOX,1
G18d mini(FV2C),1
SM-A300M,1
Nexus,1
EXT_T4,1
S4,1
EC6108V9_pub_????,1
W40K,1
EC6108V9_pub_zjgyd,1
KOPO L168,1
AMOI N821,1
SM-A7100,1
SM-T230NU,1
rui shi,1
8S70_GS,1
Tab2A7-20F,1
S905,1
9R20,1
T200-C,1
A9III,1
MC-S1,1
SM-P601,1
X98 Air 3G,1
S130,1
X817,1
T950s,1
RV2100,1
SM-T113NU,1
A62C,1
QABOX_1,1
cs918,1
CXSD_H3_A_FamilyKtv,1
vivo X7L,1
H4S01,1
5S23S,1
P01MA,1
L2,1
M6SPlus,1
ET-71,1
A9 ??CPU:1GHz DDR:1GB Flash:4GB,1
TCL P500M,1
SM-J7109,1
32MQ1,1
WT-P208,1
Lenovo A6800,1
GN9000L,1
C42SD220,1
STF-TL10,1
K1001_SPh31p,1
8S48_E2A,1
Hisense E622M,1
iFlyBox,1
ABOX,1
S999,1
V16,1
mobox,1
GF-WM78A,1
Z982,1
EC6108V9U_???,1
2016.02.13_10:57_1.txt,1
REMIX SK1W,1
TETC-F5,1
33661R8,1
GT-I9220,1
D55s,1
V975s Core8,1
DS2016,1
mygica TV,1
MBX reference board (wasu_HeiLongJiang),1
LEADER_50C_PB731,1
42CE3210D,1
Coolpad 8122,1
SM-G9009W,1
p230,1
Readboy_G90S,1
ibama i10,1
HUAWEI M2-A04L,1
2018.01.15_12:48_1.txt,1
KBE-C9,1
BF_A500,1
SCH-P729,1
Bird L900,1
BDY_SA12_1680X1050_SAW007,1
ET 500,1
MB1,1
X4-55T,1
T36,1
SM-N9109W,1
P80h(D4C4),1
G708_Oc,1
V989 Air Core8,1
NX403A,1
CVTE_PANDA_MSD628VXM_512M_AA0001_PB813,1
HUAWEI G616-L076,1
X907,1
SM801,1
m201_th12,1
NOAIN A1,1
N106,1
SGP311,1
UE1,1
LED32M2600B,1
Suma-Q5-02,1
CVTE_HV510_1G_PC822_W,1
S905XQ,1
iToolsAVM_T0027437S,1
DOOV A6,1
2000.01.02_00:14_1.txt,1
HRA920_512_ALI2G,1
PX600,1
SMART TV,1
Coolpad 7251,1
RTD2969,1
LA1-L,1
M8S PRO W,1
Coolpad Y803-9,1
MC008,1
KBE_ATM7029_M,1
9R08,1
P8100,1
A76,1
I5 V4.0,1
QBOX,1
astar,1
Hisense M10-M,1
M17,1
XIAXIN,1
MF-01,1
U59GT,1
Lenovo A560,1
T200-GI,1
QuadCore-R16,1
IPremiumI7,1
55PUF6271_T3,1
ineng-h3,1
HTC_M8x,1
YF_XXXG,1
XW-910,1
TATOO-1,1
AK-J2,1
????_E8205,1
LED50EC310JD,1
F105,1
2017.06.13_14:59_1.txt,1
Laaboo V3,1
M032,1
YBKJ_K32,1
U18S,1
Skyworth 8S26,1
Skyworth 9R26 S198,1
SM-G925F,1
ZTE C2016,1
X80h(FB5M),1
TS50,1
p201_giec,1
CX-921,1
P9,1
iToolsAVM_T0007622S,1
LG-D838,1
Haier,1
SM-N900L,1
X9079,1
P2,1
Uplink_V5,1
CVTE_MSD338_1G,1
HIMEDIA_3798M,1
STV100-1,1
CB-A-v3.0,1
F777,1
KONKA_55R6200U_72000876YT,1
lephone T13,1
InFocus1_0_32,1
10moons_ELF,1
KIUI_M7,1
R6_7_8,1
M11 Pro,1
wing_SAB1,1
EGREAT_TVBOXH33,1
UNIWIN-MOHE,1
Hisense F22M,1
Meitu M4,1
HUAWEI MT2-C00,1
SM-G7200,1
43PFF5650,1
9R52,1
HTC_D816d,1
HiDPTAndroid Hi3751V320,1
GIEC_H8,1
2018.01.01_10:37_1.txt,1
SUMA_STB,1
ZN008,1
VIDO-M80,1
A18,1
XEME,1
LED50K20JD1003,1
HUAWEI GRA-CL10,1
SH007,1
iFlyBox_V01,1
SHIXIN_A31S,1
B3-A30,1
Philips W3550,1
I1,1
LS48AL88G31M1S1,1
oppo R11,1
vivo Y22iL,1
DSL100,1
QBOX-III,1
Coolpad Y80D,1
E2371CH,1
vivo S7i(t),1
AQUOS 52UE20A,1
hm note 1s,1
3ABox,1
ZUK Z1,1
ASUS_Z010D,1
N717,1
M95-2G,1
Coolpad 8297 MIUI 6,1
N9080I-Q12,1
2017.06.11_22:20_1.txt,1
ZTE A2015,1
TY1208-Z,1
TPST_S805_ANDROID,1
EC6108V9U_pub_wide,1
LTDN42K680HK3DU,1
Remix,1
CANbox F2,1
49PUF6701_T3,1
BF_T25,1
HYF-A1,1
B860AV1.1_5_LN,1
SM-W2016,1
etv2020s,1
EBEST U2,1
LED55K3702002,1
PDT9000,1
KORIDY H18,1
MLLED V9,1
?????_UNT400B,1
4.3_uploadError,1
Lenovo YT3-X90F,1
Lenovo S90-t,1
Optoma_1080P_Smart,1
Z2??,1
9R20 X5E,1
HUAWEI C199s,1
S806,1
QHTF_512,1
CX_R19,1
H55E09,1
SM-P600,1
S12,1
le42k51s-ud,1
Full Android on zx296702,1
P33,1
DOMI,1
20161220,1
Lenovo A338t,1
MOMO9Q+,1
MB938,1
Lenovo A5500-HV,1
KT108   KT-101-B,1
Lenovo A858t,1
C43SD120,1
RT_X2,1
ivvi V3,1
TSB Android,1
KBSBOX,1
HUAWEI RIO-CL00,1
OnePlus 3T,1
W40D,1
Letv X4-50 Pro,1
Q8800,1
LEX622,1
VBOOK V3,1
ASUS_P00I,1
HS-I630M,1
EC6108V9_8G_MCKJ,1
DOOV L9 mini,1
AQUOS 70UE20A,1
vivo Y13T,1
Coolpad SK1-01,1
lephone T6+,1
Z981,1
ASUS_Z016D,1
KFSUWI,1
QingJi Android TV,1
PULIER_A29_XX,1
ZIDOO_H6 Pro,1
BOE_Alta_MAX_98,1
I5_ZQB_EN,1
Hisense C1M,1
QII,1
Lenovo A820,1
C1530L,1
Coolpad 8737A,1
Coolpad 8297W,1
HUAWEI P7-L00,1
TCL P590L,1
RK3128_HY_PLUS_52,1
DIYOMATE_X16,1
D10S,1
8150D,1
LED40K360X3D0011,1
W50A,1
HTC D820u,1
Lenovo PB2-670N,1
???????,1
MID,1
HX_A20TV,1
N903,1
sm-g531h,1
Tcl Android,1
THTF_HD501,1
MI 4W,1
YOUMOVIES,1
LE32R31WR1X1,1
All Series,1
HQE27E,1
ZTE,1
ATM7029,1
A1000,1
R2010,1
HTC S720e,1
MLL S8,1
iToolsAVM_T0028401S,1
KINGSUN-F3C,1
a31-tvbox,1
DOOV L5Pro,1
BSC_32M,1
VQTV4K,1
Lenovo,1
QUAD-CORE A64 q108,1
xbw_G21,1
R3300-L-3,1
7PO_STW_1,1
MG101-K_7,1
M9000,1
tmb2200ra_dev,1
Intbox-i,1
YINGXIANG_S4S_2.1,1
GT-S1,1
NOAIN-X9,1
MBX reference board (g18ref_th10),1
CB-300,1
MXQ-PRO,1
H100,1
2017.10.15_22:12_1.txt,1
Laser_TV,1
SAGA M6,1
Nexus 10,1
K1,1
JIUZHOU_PTV-8508-04_HUNAN,1
X10 JTYL,1
ivvi V1M,1
P76t??(M7H6),1
SAMSUNG-SM-N910A,1
HTC D728w,1
A80h??(M9U8),1
PE-TL00M,1
51TV,1
Skyworth A55 Coocaa,1
Coolpad 5267,1
Skyworth 8A13,1
H96plus,1
ASUS_X008,1
RNE-L22,1
M7S,1
Lenovo N308,1
Judou J1 Plus,1
SmartTV 9R08Z Z600F,1
LenovoTV 32A3X,1
tpstmg,1
vivo X710F,1
BLU ADVANCE 4.0 L2,1
Coolpad 5200S,1
40PFF5361_T3,1
R9,1
Ramos i10s,1
F666,1
HISIV510_ALI,1
Lenovo P2a42,1
HKUBOX_H800,1
LenovoTV,1
SONIQ_83,1
X9180,1
SGH-I337M,1
10MOONS_T2Q,1
4KMediaCenter,1
PRO 6s,1
2016.02.13_17:52_1.txt,1
V975 Core4,1
vivo Y51t L,1
CVTM638_768_751,1
T950S,1
K9S,1
M301H_CW3,1
Lenovo A808t,1
GIONEE GN5007,1
MTC Android TV,1
Lenovo S960,1
XNLS_SA12_1440X900_SAW007,1
KFTHWA,1
koobee S301,1
NX507J,1
Lenovo S90-u,1
LenovoTV 55K3,1
20160101,1
KBE-H8,1
GO N3S,1
Solid Gold 1.0.35v3,1
Haier_T968_4Gen,1
TRD9702,1
HUAWEI CAZ-TL20,1
EC6108V9A_????,1
Link Auto,1
S905X Mini,1
LE-43TM6800,1
EC6106V3,1
V185,1
SOL25,1
Haier_T966_4Gen,1
TM_S812,1
EC6108V9U_pub_xjxdx,1
Skyworth 8S92 S9000,1
K11 ???,1
Suma-Q4-05_HN,1
ALE-L21,1
Skyworth,1
SCH-N719,1
J49F1,1
QX4,1
D6_Duo_4.2,1
moto x4,1
YU4711,1
VOTO GT7,1
int-box,1
Free.TV_F-01,1
TCL_RT95001,1
SM-J7108,1
G1109,1
EVPAD-2S-MAX,1
ESTB200-w-v01,1
2018.02.14_20:08_1.txt,1
K2,1
VOTO GT11,1
HUAWEI G520-5000,1
Skyworth 9R58 G6,1
Hi3798MV200,1
FD5552A-DU,1
M811,1
48PFF5655,1
iToolsAVM_T0028985S,1
??????PTV-8508,1
Coolpad 8297-C00,1
HC2900,1
G808_3G,1
Can C8,1
Venue 10 7040,1
2017.07.11_16:15_1.txt,1
S89W,1
MXQPRO-II,1
MXIII Plus,1
C107-9,1
RockChip,1
V10-2,1
40PFF5661_T3,1
vivo Y20T,1
EvlutionTV6s,1
saidimeiQ8,1
NG3,1
E5533,1
A68,1
EXCHEER_B0201E,1
V891-DualOS,1
??????CX_A39,1
Bestbuy 9R20Z Z39B,1
GEM-703LT,1
MediaPad 7 Lite,1
HUAWEI ALE-CL00,1
17TV 55i2,1
AUM-AL20,1
SM-N9008,1
GN9012,1
HKC Hi3751V700,1
P89s mini(F8A2),1
JS5,1
??T2?????,1
GT-I9060,1
TCL_2995,1
32S290,1
MP1503,1
Coolpad 5891Q,1
Z3BM,1
MLT1_H2,1
C106,1
YINHE_G240,1
XL,1
A10S,1
Lenovo A820t,1
MLA-TL10,1
lephone V8,1
rk322x,1
a20-TV BOX,1
T10(E3C5),1
LE48R31M1S2,1
S76,1
FIG-AL10,1
Nexus 6,1
Hisense E76mini,1
KT-602,1
HUAWEI U8825D,1
SINTAVE S1,1
i-A9 II,1
X80 Pro(E3E6),1
HYUNDAI_H90A_RT2984_DD,1
CVTE_HV530_768M_8G_PB801_W,1
A19,1
GN8003L,1
VAM_3229T,1
M8_HW_SDK12,1
HTC_M9u,1
CPH1719,1
P70 3G??(C2B7),1
TSHIFI,1
Mele,1
TCL 580,1
40PFF5011,1
ME172V,1
CK2-01,1
GT-i9100,1
SM901,1
M102,1
WAS-TL10,1
Bird L2,1
FlyTouch_N1008S,1
A78 ???(C1V3),1
NCE-TL10,1
ideatv,1
HUNGD_YHH,1
65PUF6656,1
8S88_M1,1
EC6108V9U_pub_hnxdx,1
NL-3680,1
8S45,1
KINGSUN S6,1
T95xPLUS,1
EGREAT_V6,1
SM-T705,1
Meitu M4s,1
VIE-L29,1
LED43H20A,1
K-Touch K1,1
PYD-710,1
YMB0300-HX????QQ45853991,1
G19,1
TM7,1
MediaBox,1
X4-70,1
Letv S40,1
MiTV3-48,1
8692-A00,1
TA-1054,1
GX-2,1
LE43AL88G31,1
SA12_1280_1366_SAW007,1
????Q5,1
DIM 7S,1
Z1988,1
Skyworth 8S79Z,1
Lenovo A3500-HV,1
2018.02.03_14:58_1.txt,1
XT907,1
SM-C5010,1
4.4.4-R-20160104.1650_uploadError,1
Vega S95_Telos,1
HTC_M10h,1
SM-T325,1
Venue 7 3730,1
49PUF6261T3,1
LG-V521,1
8295,1
HUAWEI G6-U00,1
KFSOWI,1
LA3-L,1
I5 V4.2,1
MHA-TL00,1
vivo X5M L,1
A210,1
lephone,1
MXmini,1
SM-G3559,1
4S03_WS2,1
XLH_3128A,1
Redmi 5,1
T60(II),1
R4S_C,1
BS_3128Y,1
Skyworth 9R30 E390E,1
LE-50TM6800,1
R300,1
YMB0310-HX,1
ifive2SHD,1
SM-N9108V,1
TCL P301M,1
LGUS992,1
JIUZHOU_PTV-8098-04_HUNAN,1
KT101-D,1
Q28,1
Lenovo B8080-F,1
A680Q,1
MZ60,1
le42d29s,1
W49K,1
N105,1
KELN-31,1
MagicProjector_A1,1
LE32AL88G31CR1B1,1
EC6108V9U_ca_hbjlt,1
V201BH,1
2017.07.28_19:00_1.txt,1
i5,1
Lenovo TAB 2 A10-70F,1
9439CS7,1
Le,1
Smart TV Box,1
B860AV2.1_???,1
50PFF4750,1
MEEG 201,1
U808 Quad,1
5.1_uploadError,1
T20A-,1
Lenovo TB3-730M,1
IPBS84004_YN,1
ASUS_X002,1
SM-G850F,1
IHO-1000,1
M821H,1
SANSUI Smart Projector,1
Coolpad 7105,1
LED46K280J3D0011,1
W1,1
V972 Core4,1
MagicProjector_S1,1
Iyoox-7c,1
T61,1
M8S+,1
20041                           ,1
VAM_3228LY,1
GT-N5110,1
Anbo,1
D9,1
Lenovo A680,1
Tinai K1,1
GeekTV,1
HD-98X,1
P11HD??(G9X6),1
Lenovo TB-X103F,1
Letv??,1
TCL P360W,1
RTV8,1
U22,1
55 HAIER GITV,1
Suma_Q1(M),1
Londge_V8,1
HiDPTAndroid_Hi3751V530,1
I5 V4.1,1
YUSUN T55,1
AYHT_E,1
LEADER_D32N,1
CAIXIN,1
VOYO A15,1
C6Q1,1
SM-G9508,1
K-Touch X6,1
752A CH V2.2,1
E900-S????QQ45853991,1
ET-66,1
LA2-L,1
OPENBASE_RK3128,1
le x620,1
HCHM1,1
HUAWEI VNS-DL00,1
8S40,1
LED50L2881112,1
Y71-811,1
W55C1T,1
Xihan H856P,1
GD-8021,1
IDER_BBA71,1
M800,1
sugarcane,1
KBS19_3128,1
KORIDY H30S,1
EC6108V9E,1
TVPAD3S,1
SB7401-AW,1
v5p1,1
T8-PLUSMS,1
HUAWEI G730-U00,1
U25GT-C4WB,1
X002_v2,1
*****,1
EC6108V9_pub_tjjyd,1
HTC Desire,1
R5315,1
CM201-2-CH2_SH,1
VAH_H3,1
Suma-Q4-07_HN,1
ATH-UL00,1
Lenovo X2-TO,1
SHOWN_P1,1
E200,1
E50LX9101,1
A1601,1
RNE-AL00,1
K8_SDK20_DDR1G,1
48PFF5071,1
A100G,1
Readboy_G60,1
B860AV2.2,1
E820,1
AQUOS 70LX765A,1
YU FLY F9,1
U55H7A,1
Pixel,1
NINSS_BBA42BTCXZ,1
MD3502,1
GIONEE F6L,1
weiimi X3,1
TANIX TV-BOX,1
20160829S,1
CC-200H,1
benq.G955,1
2.2.0-R-20151113.1746_uploadError,1
HS8086III-JB,1
weiimi V1,1
S10JTYL,1
S918,1
H43E10,1
SM-C7100,1
PAAT00,1
V17HD,1
42PFF4750,1
koobee S103,1
KINGSUN-F,1
vivo X21,1
A51kc,1
H800-A,1
BB_A31S,1
Lenovo K30-T,1
X98 Plus II (C2E3),1
Moto G (4),1
KKTV_U55_MS638,1
TCL P618L,1
SDK718,1
QHTF-512,1
VTR-TL00,1
N90FHDRK,1
LCD-xxBEL6A_B,1
MI 1SC,1
3D_Tablet,1
HUAWEI GRA-UL00,1
Skyworth 8R99,1
LE43R31M1B1A,1
EGREAT_TVBOXA31S1,1
FD6551A-SU,1
Coolpad 3622A,1
??????Q5,1
MG101-U2,1
M20,1
L100,1
ZTE BV0701,1
M653,1
SM-T715C,1
ET,1
UNT400C5_HN,1
InFocus M310,1
9R08 M6,1
HX_S905,1
HUAWEI Y600-U00,1
DXITV9A,1
A525,1
HUAWEI C8812,1
LED32H150Y0001,1
INPHIC_I6X,1
306SH,1
qiyiguo,1
Lenovo TB3-850M,1
CVTE_HV510_1G_PC822,1
HIMEDIA_Q12,1
KII PRO_7_2018.01.20_19:00_1.txt,1
XII,1
eg300b,1
E12,1
KT096H,1
koobee S106,1
Skyworth 9R52,1
Hola Android,1
TCL_43E9600,1
mk808b,1
HTC M8Sw,1
EC6118SV5,1
I999,1
ROTK BOX_5G,1
PPTV-49P2,1
ZY_1080PA,1
ZTE A0616,1
Galaxy Series 6S,1
SL600,1
AliFunUI_Philips_32PHF5081T3_MT5507_N50G,1
HUAWEI SC-CL00,1
Suma-Q1(M),1
AMOI_A702,1
GM520,1
ZXQ30-TV001-Koreayh,1
N787,1
BSL_S10,1
Skyworth 8K10,1
skydongle,1
AOSP on p200_iptv,1
10moons_LT390W_F,1
AMedia MX,1
4GVoLte,1
Q9800,1
HUAWEI MT1-U06,1
GIONEE GN5007L,1
V88,1
CM101s4,1
ZTE GEEK II 4G,1
MELE_A100,1
Max4-55,1
IPRO,1
EX02C,1
N82,1
Le X621,1
EC6108V9_pub_jssdx,1
VAXK_32MOS,1
SPOT_i5,1
SM-G935F,1
ASUS_X005,1
P86(F8G6),1
YQ607,1
SCH-P709,1
C43,1
F7,1
EC6108V9_pub_we,1
S95,1
ZHUOMI,1
X98 Air II(HG9M),1
H110-4S,1
SM-G3502,1
RCT6103W46,1
MTBP1,1
I7-I9,1
HG680-VEV46,1
PARA9,1
EBOX E12,1
Global TV,1
ChanghongP6t,1
OPPO A83t,1
JNJ_SA12_1440X900_SAW007,1
Allwinner_UPD_A20,1
M355,1
Lenovo P1c72,1
P89H (G3M2),1
7 Plus,1
Coolpad 8076D,1
VKY-L29,1
S92G,1
RCT6303W87DK,1
Lenovo A3300-T,1
LEADER_50C_PC737,1
SANEI,1
SHANXINHUI-PI,1
M19???,1
HUIHUABOX_A31S,1
LED46K280J3D1011,1
GT-S7562C,1
TD070VA1,1
E700,1
55PUF6650,1
G9CX,1
INPHIC_I5PRO,1
A31u,1
MediaPad 10 FHD,1
T21,1
2017.08.27_09:59_1.txt,1
A10H(D5W7),1
XMATE_E31,1
iGlobal_TVbox_X6,1
bee E7S,1
TCL J928,1
Judou,1
V105A4-A-C1,1
vivo X21UD A,1
PE-UL00,1
SWT_3128A16,1
DOOV V3,1
S3 Buss A,1
P917,1
Dell Streak 10 Pro,1
UNT400C7_HN,1
TL-50N100,1
k9,1
Lenovo TB2-X30F,1
EGREAT_GAMEBOX01,1
StarLong S3110 Pico,1
V116w DualOS,1
OC800C,1
N5207,1
Coolpad Y1,1
HNT10-1615,1
V975i,1
sw-F240d,1
JHR958,1
XT1789-05,1
vivo X1St,1
XT1710-08,1
1501,1
RealPlay.CN,1
10MOONS_D9i,1
Full AOSP on Skyworth,1
SAMSUNG N9106HD,1
LED60K380,1
CVTM638_768_782,1
TVB3,1
T50,1
ITV933,1
42E01,1
SM-G9308,1
SM-G9650,1
K-Touch Tou ch3es,1
CX-919,1
GT-I9158V,1
Skyworth 9R23 E390,1
rk312x_lycooWin00,1
10.1,1
UHD-S100,1
UNT400B3_BJ,1
NOAIN X15L,1
M228-M55,1
H40E18R1S1,1
LED50EC310JD1001,1
WQ-31,1
GO T2,1
EC6108V9I_pub_sdllt,1
Coolpad 8730L,1
Z7,1
E900-wuming,1
C905,1
ZTE BLADE L111,1
AS_32M,1
AFTM,1
HM_NOTE_1S-MIUI 7,1
HTC Z710e,1
Skyworth 5H01 C1,1
BOX_R312a,1
HUAGAN HT6,1
momo mini P707,1
NX513J,1
HYUNDAI Android TV 638,1
Android MediaBox,1
F270BW,1
koobee M6,1
Q1002,1
CSA91,1
A200_SDK12_DDR1G,1
geeya_youpeng_jyhde12516_v1,1
SM-G9208,1
GT-I9128E,1
PTV-8508,1
LED40K260X3D1000,1
BSL_M5_SWT,1
OPPO A33t,1
we40,1
MEIZU E3,1
SAGA A908,1
mmm.txt,1
TECNO-L8Plus,1
Lenovo A670t,1
S2000A,1
TSHIFI_A20_2.1,1
IHO-1000 4K,1
VAM_3229LY3,1
Lenovo S850t,1
HYUNDAI TVB9,1
B860AV2.2_jxlt,1
D1,1
V99,1
MiTV4AQC,1
wasu_sxlt_jyhde12516_v1_1G,1
TOOFANS_TVBOX02,1
softwiner,1
E42LX9101,1
8S88_V9E,1
HaierT968_1G5,1
M611D,1
EGREAT_A5_CN,1
Android TV on Tcl,1
x7,1
Y685Q,1
SM-T585C,1
2018.02.18_15:15_1.txt,1
UOOGOU T12,1
LCD-xxBEL6A,1
??????_EC6108V9A,1
oppo r9 plustm a,1
TCL-P306C,1
MZ52,1
GT-P7500,1
KINGSUN-F4,1
IDER_BBA56,1
rtd298x_tv038,1
ASK SB408,1
I12-Y,1
SGH-N075T,1
HTC J Z 321e,1
A5,1
LS55AL88U51_2,1
TECLAST_K8,1
65PFL6640,1
AliFunUI_Philips_32PFF5101T3_MT5507_N00,1
GT-S7278U,1
Spro 2,1
VK 7 Plus,1
SM705,1
EVLUTION6S,1
Lenovo K80M,1
CoolTV,1
I71C,1
LED-55U560P,1
SM-G3818,1
P318L,1
XM50h,1
ramos MOS 1,1
UOOGOU P1,1
JT_H2,1
LeBa,1
h3jt,1
DL YUNPC-TV,1
SGP511,1
LED43H150Y1000,1
Excheer B602,1
ZTE G718C,1
HMP8100,1
Allwinner-Tablet,1
giec_a31s,1
KaiBoEr C3,1
MeLE Box M9,1
LA5-W,1
EC6108V9U_pub_zjzdx,1
ider,1
50PUF6650,1
LS55U51AM1S1,1
BROR W80,1
ZH_XBH,1
SM-T810,1
10MOONS_ELF3,1
G900,1
GREAT M9,1
GT-I9507V,1
i15-T,1
Best_sonny_LT416,1
NOAIN X12,1
M1_SDK12_DDR512_NEW,1
WP_V3,1
Skyworth 7R09 G7,1
EC6108V9U_pub_gxgdx,1
Q71,1
KINGSUN-F70,1
VAJ,1
SM-G5309W,1
MNT1_H2,1
K010,1
T6_4Core,1
Hisense G610M,1
MG100-U_HN,1
A200,1
NX503A,1
Diyomate_A8,1
S2,1
NOMI 7,1
2017.10.20_20:01_1.txt,1
E3T,1
T96,1
S5300c,1
Letv S43 Air,1
le49h07s,1
Note5,1
JT1,1
20160212W,1
EC6108V9U_pub_sxjlt,1
Makena_M65H,1
Moonbox 3s Unlocked,1
R1229C,1
8848 M4,1
YQ603,1
N90 DUAL CORE2 CZ,1
HG680-VY4EN-46,1
SJ-838,1
4.1.1_uploadError,1
NEO-X8H-PLUS,1
EBEN T7,1
MoonBox,1
Readboy,1
MXQ_PRO,1
1100,1
UIMI 9,1
32BHF6656,1
ASUS_Z011D,2
LE32AL88G31ZR1B1,2
ZTE BA610C,2
GN705T,2
HiDPTAndroid Hi3751V310,2
NX563J,2
ZTE G720T,2
E6S,2
32D3700i_LJ6F,2
X98 3G(HKC1),2
Can C1,2
M8S,2
SM-J3308,2
GOME S1,2
Z3,2
H30-T10,2
TV-50GS830CT_-Ver02,2
H30-C00,2
yichi,2
LD50P03Q,2
UNT400B1,2
SM-J500M,2
Pandora B5,2
Yunhe_BT_4001,2
SM-A520L,2
P89mini(E2W6),2
306,2
XOOM 2,2
SMART,2
K600,2
AMPE,2
HST 260,2
U35GT-W,2
JmGO_J6S,2
Lenovo S938t,2
KIUI_f2,2
HIMEDIA Q9IIemmc,2
Lenovo A7600-m,2
Anbolt_rk312x,2
Lenovo A916,2
Skyworth 8S36 E790U,2
KFFOWI,2
50PFF5650,2
HUAWEI NXT-DL00,2
Skyworth 8H73 E6080,2
i8H,2
Onda,2
PRO 6 Plus,2
10moons_LT390W_A,2
MagicBox_M11,2
HC2900 V2,2
HLTE300T,2
VSOON,2
Lenovo A355e,2
LE48AL88G31,2
MediaPad M1 8.0,2
KOXSNI_A31S_S5,2
XXX,2
I-910,2
Coolpad 8718,2
20170608S,2
H5,2
Android TV on QingJi,2
MERCURY_M1,2
BS,2
TCL M2M,2
43PFF5755,2
HTC X9u,2
LLD-AL00,2
Lenovo A658t,2
BLN-TL00,2
S5,2
SM-N900P,2
Quantum,2
GO M4,2
runlei F2,2
KT-101-B,2
YBKJ_A12,2
Abox,2
MagicBox_tmb100,2
MD3504,2
LG-H990,2
MAICHAI,2
Skyworth 8S07,2
GREATHOPES_2.1,2
GLG-918,2
MeLE A1000G,2
Skyworth 8S51 E690C,2
B860AV1.1_ZJ,2
MZ73,2
LED-55U760,2
Skyworth 8S41,2
ZXV10B860AV1-2,2
IPBS84002,2
cswui,2
D8Z,2
F1-SW,2
ZTE V956,2
10moons,2
SM-T2556,2
HiTV_V2,2
FD4051B-PF,2
Lenovo A768t,2
HUAWEI G610-T11,2
X900,2
Pandora-D2,2
T70,2
U10,2
GN3001,2
T90,2
U705T,2
K10PLUS,2
INPHIC_H2,2
MLT_H2,2
SAGA M7,2
VA_3128LY,2
E-BOX PRO,2
BAC-L22,2
rk312x_nuoshiqing70,2
T101,2
vivo S11,2
GO C1,2
TM_H3,2
OPPO R9 Plust A,2
kaiboer_honeybox,2
rui shi da,2
R819T,2
H3-IPTVHOTEL,2
M57AC,2
C800,2
mysoto_512m_52,2
MoonBox-Air,2
iPh-800,2
SM-T550,2
MeLE-A200,2
LenovoTV 55E6T,2
EG,2
MXIII,2
EGREAT_S3,2
JXD,2
V182,2
SM-N7506V,2
rk31_872xu,2
Hisense,2
CNITBOX100,2
M93,2
HUAWEI C199,2
G60_04,2
1801-A01,2
Compaq 7,2
WYCP101_140926,2
MELE_I9_SDK12,2
EC6108V9_pub,2
LE32R31M2B1,2
R8,2
G8142,2
N888,2
GT-I9260,2
M10,2
PPTV50C2,2
JT1_H2,2
Coolpad 9976D,2
KINGSUN-EF36,2
D6_Duo_4.22,2
32PHF5311_T3,2
AQUOS 52LX765A,2
S-BoxR140,2
Skyworth 8K98 E8EUD,2
Fiberhome_HI3798,2
TOPBOX,2
S3100 V2.7,2
EMSHI_S4S_2.1,2
HS-EG978,2
vivo Y928,2
Coolpad 7296,2
BGYY-7,2
PADM00,2
Histar,2
U25GT-C4,2
U55G,2
Coolpad 7295+,2
Skyworth 5S05,2
K-Touch H2,2
LE42AL88G31,2
lephone T9+,2
U55W,2
CM101s-2-1_ZJ,2
M648_ALI,2
G620S-UL00,2
O8,2
E8205,2
BOXER_H2,2
MK808B,2
KE_SA12_1280_1366_SAW007,2
Le X528,2
8726_MX,2
CS400C,2
NewPad,2
X92,2
U27GT-C8,2
TV-50GS830CT_-Ver05,2
R7007,2
Bird L902,2
B860AV2.1_ZJ,2
Kindle Fire HDX 8.9,2
KK-200,2
DS905,2
C9(H8),2
Lenovo K10e70,2
Z97-W,2
HMP8100_ATV_93,2
Y21,2
LS6805,2
UM_UNT400B,2
E100,2
XMATE_A10S,2
LY-TVBOX,2
G11,2
NX535J,2
LEX626,2
B760D,2
Lenovo B6000-F,2
HDI-2100C,2
express,2
HT-01-M14,2
R833T,2
V701s Core4,2
V18,2
MD3060,2
Coolpad 8675-W00,2
HTC 802w,2
OPPO A73t,2
X98 Air II(HG9N),2
LE48AL88U31,2
CVTE_HV310_512M_PC821_W,2
CX_A19C,2
ivvi F2-T,2
vivo Y37A,2
KAIBOER,2
Full AOSP on Tcl,2
HTC U-3w,2
Lenx,2
SHV-E210L,2
K-Touch S787,2
KIW-UL00,2
T2-EM2130,2
YMB0310-CW,2
XT1052,2
PPTV43P,2
IdeaTabA1020-T,2
LED46K280J3D,2
HUAWEI P6-T00,2
OPENBASE_GT7,2
GT-I9308I,2
9S52_H9D,2
GN8002,2
K681,2
Sony Tablet S,2
H-1M,2
le55a33sd,2
NETOP-VI,2
Z69Max,2
G21,2
SM-T555C,2
MHA-L29,2
N918St,2
V980,2
8S79,2
SF101,2
HAN370-BB,2
A960,2
TE010-32B,2
9R58 G6,2
BIRD L108,2
MTS-T0,2
S_BOX,2
GT-I9082i,2
Q11,2
InovelProjMe2,2
B200,2
V10,2
UOOGOU,2
CANbox Z1,2
Q16??,2
M98,2
NINSS_BBA22BTCXZ,2
AOSP on,2
SM-J3109,2
A62D,2
LED48C8I,2
LED55K260X3D1011,2
KG_3128A,2
X909,2
Z380,2
KKTV,2
Lenovo A800,2
TCC8930_STB_EV,2
QiTianE290S,2
LE48B510F,2
HAN333,2
TCL_MS600,2
X96JTYL,2
Coolpad 8297,2
EC6108V92_SH,2
BOWAY U12,2
Z97-W Plus,2
xperia z3,2
UM-UNT400B003,2
Coolpad Y70-C,2
HONOR H30-L01M,2
XQH32,2
C105-8,2
Z1??,2
LE40AL88U51W,2
Mix,2
Kindle Fire HDX 7,2
EC6108V9_WBJABC_DZB,2
SM-G9209,2
R830,2
INPHIC_GT5,2
JIUZHOU_PTV-8508-04,2
X16(X9 PLUS),2
E2053,2
NexTV,2
EC6108V8U,2
BA-C252,2
saidimeiy3,2
HM,2
VAM_3128YC,2
p281,2
YBKJ_K31,2
M8_SDK1.0,2
L7_Max,2
Mele_M1,2
Compaq 7+,2
ONE A2001,2
Coolpad 5380CA,2
SA12_GC_1400_1050_SAW1415,2
TXCZ-20,2
SM-T231,2
PLK-TL00,2
IdeaTabA2207A-H,2
EGREAT_TVBOXA31S,2
yiwanplayer,2
E4-D-G,2
SOP-W1,2
LE32R31R1S1,2
KaiBoEr C1 Enhanced,2
N9201,2
SA12,2
GT708,2
U7,2
PULIER_H98M_FX,2
H49E07,2
FXB-H8,2
MK12,2
HG680Z,2
RK3288UN,2
Moto X Play,2
KBE_T2,2
OPPO A79kt,2
Readboy_P100,2
LE50KNH8,2
Coolpad 8717,2
4.4.2,2
N90 DUAL CORE2 V12,2
IPBS84006_NMG,2
GAL-X2139,2
FA200,2
GT-I9300I,2
VAM_3229BT,2
LE55R31M1S1,2
Diyomate,2
LC-1022W,2
KT-IH1223a,2
Le X625,2
LE55AL88U31_02,2
EC6108V9_ZJ,2
E6,2
GIONEE M7,2
Vontar-KIII,2
LW8000U7,2
GB808C,2
Q92,2
TV818,2
GN9005,2
Skyworth 8K94,2
SM-G906L,2
LED-39B700S,2
X608,2
SM-G955N,2
P89 3G??(D1H8),2
Honzon HZ100,2
LEADER_S42K,2
LeBa_L6,2
SM-T525,2
32PHF5755,2
lephone T2,2
Haier Android,2
TX3 Mini,2
XMATE_R68,2
lephone W7,2
Coolpad8085Q,2
U50H7A,2
Coolpad 8720L,2
MiTV-S,2
DOOV S2L,2
EC6108V9U_pub_hbedx,2
W65L,2
??\u0010?G680Y,2
vivo X5Max,2
LCD,2
CYM1-R7,2
BGO-DL09,2
MOOKA_50A5M,2
I6,2
SNT-B07,2
QQ526885318,2
NINSS_BBA22O,2
LE50B5000W,2
CM201-2,2
DOOV M2,2
iplayer,2
ZTE BV0710,2
LED32K600X3D0002,2
letv_c1s,2
SM-G9092,2
MEGOG3+,2
UNT400C4_HUNAN,2
SDM,2
Readboy_G600,2
M12,2
GP80UP,2
Box,2
5H51 U3B,2
CHUANGSIQI_2.0,2
Coolpad 5311,2
MI 6 ,2
MEIZU M6,2
V9+,2
F103L,2
Q101S 3G,2
fuxing,2
MP1512,2
UNT400B1_HB,2
BS_3229,2
Mango_Flyingbox,2
LED55K360X3D,2
K7,2
TCC8935_YJ8935T,2
EVIEO X1,2
LE55AL88U51,2
IDER  H5,2
ZTE Q5-T,2
lephone W7+,2
HUAWEI P6-C00,2
X6 plus,2
tvbox,2
note5+,2
GT-I8268,2
LG_310,2
DOOV M1t,2
55D2UA,2
virtual machine 2,2
8S89_G6A,2
G60_02,2
LED42K280J3D1000,2
HCMB5_HC2910,2
752A CH V2.3,2
OPPO A11,2
LED42EC310JD,2
LCD_xxSUFOC5A,2
HG680-VY3EV-46,2
OPPO R9km,2
MOOKA_WATERFALL_T962,2
SM-G7509,2
??_CM101s,2
LCD_45FOC3000A,2
LE32B310G1B,2
KOPO T9,2
KI PLUS,2
Coolpad B770,2
F1P,2
SONIQ_74,2
8195,2
rk312x_tcl73,2
HUAWEI Y635-TL00,2
HI3798,2
65PFF5652,2
SM-G7108V,2
Q5_YMKJ_YDIPTV_GB,2
R3300-L,2
i10-R,2
Projector,2
Lenovo YT3-X50F,2
GT-S6818,2
Mego Projector,2
koobee X905Q,2
Skyworth 9R43,2
vivo X3t,2
EC6108V9U_pub_hbelt,2
KBE_SA12_1680X1050_SAW007,2
IPBS84007,2
CoolBox_A17,2
PPTV-N55U17,2
LED55H150Y,2
55MQ1R,2
Y02,2
mix 2s,2
M101_UM3_JX,2
O+ Upsized,2
Generic Android on mt5861,2
NEXUS_10,2
HM 1SW,2
V88_PLUS,2
SM-G9600,2
HIMEDIA HD910Bemmc,2
KONKA_43R6200U,2
Coolpad 5951,2
KAIBOER_4K_Galaxy,2
konka KKHi3751V600,2
YEPEN,2
DAC08,2
JAV_V10,2
LE65P05S,2
TIANBO,2
TRT-AL00,2
NEXBOX-A95X,2
S11 Plus,2
FLINTSTONE_T2,2
MI 1S,2
MATILI-A8,2
Lenovo S860e,2
S96JTYL,2
HX7625S,2
Skyworth 8S06,2
HRM638_768_WF,2
Ramos i9s game,2
PADT00,2
lephone T6+V,2
B860AV1.2,2
QK-6385T,2
GIEC_R9,2
giec_A200,2
IdeaTab S6000-H,2
HUAWEI G610-U00,2
KONKA_2600B_MS628_TL,2
5H50 U3,2
TRT-TL10A,2
EC6108V9U_8G,2
Londge_V5,2
Nexus S,2
EBEN T6,2
OPSSON,2
HUAWEI G750-T00,2
ASUS_Z00AD,2
Lenovo S810t,2
NF,2
???? ??? E820 S,2
GN152,2
H18,2
MX_III,2
WVB007N,2
V188,2
A11Plus,2
Android TV on Tecon 6A600,2
N107,2
SM-T580,2
TS48,2
Coolpad,2
SM919,2
H4601,2
DB2116,2
XEME_ASIMAH201,2
50PUF6061_T3,2
TP,2
hd18q,2
WOWBox,2
8H83 E6080,2
m1,2
ZUK Z2121,2
Skyworth 9R53 E810S,2
Beelink GT1,2
SZIT-8800,2
R829T,2
F5,2
SWT_A11MG,2
XGIMI,2
MOOKA_40A6,2
KT96-Pad,2
VM X6,2
G2001,2
B860AV2.1_7,2
H60-L02,2
SM-G550T,2
ZTE BV0720,2
VAY_32MOS,2
GL,2
XShuai v2.0,2
LED46K260X3D,2
TETC-V1,2
UNT400C3,2
KT101-A,2
LA-X7,2
INVALID,2
CM101s5_HN????QQ45853991,2
ANGYT_A20_2.1,2
NOAIN X9V,2
V9,2
CB-101V3,2
4K-box,2
S1 Pro,2
ZTE G717C,2
MZ58,2
le48d19s,2
ZTE U819,2
K2-L,2
EC6108V9A_ZJ,2
T8(E8C1),2
U51GT-W,2
HX_S905X,2
MELODY_40R84AV1F01_TL,2
M711C,2
GF08,2
Skyworth 8S79Z 43U701C,2
CM201-22,2
v90,2
INPHIC_S905M2,2
vivo Y927,2
Ramos i9s,2
EGREATHOPES_A31S_S5,2
HUAWEI C8813,2
1603-A03,2
I5_I6_V4.3,2
MYSOTO,2
SM-N910U,2
ZECO_CX6,2
ZH_A31S,2
TV-43GS830CT,2
vivo E1t,2
R8200,2
SM-G5108,2
D6_yun,2
G20S,2
KONKA_58M2800A,2
inphic,2
at8317_1517540811,2
win8gb,2
V600_HISILICON_1G,2
R-8XX-FOXROM,2
Coolpad 9190L,2
ST905X,2
vivo Y15T,2
SM-T825Y,2
Androifi-TimeBox,2
HUAWEI MLA-AL00,2
8H31 3500,2
SOP-M3,2
32PHF5292_T3,2
P8,2
9R53 F6,2
PX3D,2
IdeaTab A2107A-H,2
JIUZHOU_PTV-8098-01,2
KONKA_40R6200U_72000725YT,2
rk3229a-box,2
JmGO_E8,2
N37,2
iDST MBOX IPTV,2
X-PRJ_AW307,2
N70-S,2
K42M,2
SM-G7109,2
CH908,2
MQLiveBox     ,2
KOPO L7,2
ChanghongS08,2
EGREAT_TVBOXH35,2
EC6108V9E_pub_sdllt,2
LT29i,2
LE55A31M1S1,2
Full AOSP on Rk29sdk,2
x1,2
Centerm H13,2
JmGO_V8,2
3688,2
vivo X3F,2
MC_MG101,2
NX523J_V1,2
LTDN48K370HK,2
Best sonny LT989,2
Coolpad A8-831,2
HTC sensation Z715e,2
Le X520,2
ider_bba41_pub,2
Coolpad 8702,2
HIMEDIA Q11emmc,2
HUAWEI C8813Q,2
Lenovo K32c36,2
SM-G900P,2
NX511J,2
MXQ PRO,2
Android TV on Konka,2
8H84,2
SUBOR_K10PLUS,2
JmGO_X1,2
Coolpad 8702D,2
U3,2
MBX Dongle board (g35),2
M638,2
PAAM00,2
1509-A00,2
KKTV_K55_MS638,2
F301,2
Wonder_TV,2
C2,2
IDER_BBA63,2
LED50K370,2
YUSUN A7,2
CX6S,2
MNT-31,2
5S09_A3,2
Coolpad7295,2
VK700,2
A95,2
A11A,2
Haier_T966_4GenS,2
IPremiumM8,2
S805,2
BS_32MY,2
V10HD3G,2
HAIER Android TV,2
HQE12A,2
G18,2
8H52,2
KAIBOER_4K_EOS,2
M101_SKYWORTH_1,2
UNT400B4_HUNAN,2
M101_SMSX,2
KBE_3128_YYF,2
T89-2,2
R7Plust,2
common,2
M8S PLUS,2
CB-A,2
HSG,2
LE40AL88U51R1S1,2
BS_H8M,2
FD3252B-SH,2
M685U,2
S905X-2,2
HUAWEI TIT-CL10,2
WTV55K1M,2
SM-T320,2
32PHF5011,2
GT-S7562,2
GB961,2
BeTV-U6,2
A200_S20_D512M_F4G,2
MLLED X9,2
EZVIZ R1,2
HiDPTAndroid_Hi3751V510,2
SM-G6000,2
HS-PX2-001,2
lephone C2,2
C1,2
LED43C8I,2
GIONEE S10C,2
IQ-Kaiboer-H19,2
W1030,2
U19,2
s859,2
TSK_SB408,2
PPTV-32C3,2
smart-phone,2
RK3128_MYSOTO_KGE_52,2
KONKA_R90A_DD,3
HS-E917,3
FD5551A-SU,3
L_Amlogic7366_LSC550HN01 _2D_CHI,3
OBox,3
LK,3
Skyworth 8H32 E3500,3
HWI-AL00,3
ZM_Z35,3
SM-A7009,3
U63 Plus,3
Coolpad 8713,3
cm101s????,3
vivo Y29L,3
CVTM638_1G_PC758,3
J2II,3
SBox VPlus,3
W32S,3
SA12_KBE_1440_900_SAW007,3
Yunhe-BT-4002,3
SCH-I959,3
H39E07,3
HUAWEI MediaPad,3
S23P,3
HUAWEI B199,3
MOOKA_50A6M1I1A,3
HUAWEI MT1-T00,3
Readboy_G60S,3
MC002,3
X3,3
Skyworth 9R20 X5E,3
M2,3
BIGMINIBOX_213,3
A71,3
IPBS95053,3
rk3288_box,3
R821T,3
HM NOTE 1W,3
S18HDJTYL,3
HTC D816v,3
5H51S N6,3
A190,3
A1006,3
LE48F3000W,3
9R54_G8S,3
D55TS7201,3
H3-TVBOX,3
SM-N9500,3
Konka Android TV 551,3
vivo Xplay5S,3
UNT400B7,3
BF T27,3
AFTT,3
dsxr,3
Q10,3
Lenovo X3c50,3
M9S,3
MC600,3
EC6108V9_pub_cqyyd,3
Lenovo TB-X704N,3
HUAWEI A199,3
SHIELD Android TV,3
K960,3
GT-N7108,3
X900+,3
ZTE BA603,3
AQUOS 65UR30A,3
HYF9200,3
KII PRO,3
MG100-LC-8093-ymkj_LC,3
X5,3
F303,3
Anbolt_Q3S,3
GN9000,3
DP101 Pro,3
vivo Y613,3
DOOV L5M,3
LCD-60SU475A,3
LED50L2881004,3
SM-N935F,3
CVTE_HV310_512M_PC821,3
Q3_Plus,3
55PFF5650,3
s905,3
TH_55DX700C,3
IDER_BBA21,3
PC1560,3
vivo Y18L,3
SHV-E400K,3
ZTE_B860AV1,3
UNT400B7_HN,3
SM-G900H,3
HiAndroidV5 Hi3716CV200,3
tmb2200ra_pub,3
IDER-S1,3
EVPAD-PRO+,3
X10_JTYL,3
43PFF5752,3
S2000C,3
Lovme-T23,3
NEO-X5-116A,3
Skyworth 9R08 E6100,3
NX505J,3
TECNO-Y3+,3
VA_3128B,3
LICO,3
Q6,3
LED55EC510N,3
CX3S,3
GT-P3108,3
A20-ZH,3
vivo Y11,3
Q6LH_V10,3
DOOV L1,3
RK3128_MYSOTO_NOTE,3
K011,3
SHC Air,3
T3,3
CC-200P,3
zxm,3
U39GT-3G,3
AR7,3
Skyworth 8H73 E6090,3
S912,3
UOOGOU-T8,3
LED40K370,3
U6S,3
X98 Air III(M5C5),3
P96Z,3
T95UPRO,3
wangtongbao_v100,3
HUAWEI G7-UL20,3
xmate_dr31_pub,3
TSHIFI_2.0,3
JDN-AL00,3
I900,3
VIIBOX 4,3
X95 Pro,3
KAIBOER_4K_MEMNON,3
vivo Y75,3
VA_GTI,3
HDN-W09,3
Yunbo,3
8S41_KX1,3
CX-998,3
SM-G5510,3
rk312x_boshimei52,3
Coolpad 7296S,3
48AX600C,3
GT-I9305,3
SM-T710,3
PACT00,3
OPPO R11s Plust,3
GT-N8000,3
M823,3
M621C,3
N5209,3
D50LW7100-D,3
DOOV L1C,3
LED50K360X3D0022,3
Skyworth Hi3751V500_6000,3
Lenovo S898t,3
HUAWEI NXT-CL00,3
ECETD ET900,3
Skyworth 8S06 E30SE,3
V8,3
PPTV-55P+Pro,3
RK3128-ZHS,3
T22,3
WMBOX1,3
ZTE Q705U,3
VAG_H3,3
CEM1,3
LG-F540K,3
iBoxPro,3
SM-J3110,3
MSQS,3
9R15,3
LenovoTV 50S52,3
miniQ,3
EC6108V9A_4G,3
TX9 Pro,3
X96mini,3
Redmi Note,3
H3,3
HUAWEI GRA-TL00,3
i71C,3
MxS,3
GIONEE S10CL,3
MagicCube_d,3
BBA20,3
P8HB,3
R10,3
rk312x_esp8089,3
aloes,3
T6S,3
vivo X21A,3
HUAWEI C8818,3
LC-xxBEL7H,3
GIEC_X6A,3
DLP100WM,3
SA12_SZX_1280_800_SAW007,3
Y1??,3
LC-932A,3
EC6106V13,3
HUIJU-300-TFANBTR,3
inphic i9,3
M3X,3
vivo X20Plus A,3
WASU_MagicBox_HNU,3
TP_7366M6,3
G620-L75,3
HD300,3
SA 8,3
Z100,3
LE50AL88R51M1I1,3
QBOX_1,3
HI3798.,3
V975s CORE4,3
utstar85_bx_kk,3
ID_23,3
Android STB on MStar Amber3,3
Skyworth 7R08 G7,3
WISE-BM206-TFANBTR,3
PULIER,3
B760E,3
Bestsonny_LT988,3
SA,3
SM-G3812,3
Letv S50,3
MXV 4K,3
MAIZN,3
ONDA A9 Core4,3
KORIDY H15,3
ZHAONENG_Z82,3
EC6108V9U_pub_gsgdx,3
KELN-20,3
MZ62,3
ivvi i3-01,3
KT-101A,3
B760EV2,3
GT-P7300,3
LE50AL88U31_02,3
IPBS84007_HN,3
X98 Air 3G(C5J6),3
JMM-AL10,3
43PFF5000,3
4.2.1_uploadError,3
CSRK3288P,3
IHO_3000,3
IV PAD,3
8S40_E3500,3
HP-P106,3
LG-F600S,3
vivo X7Plus L,3
i8h,3
i898_A_3G,3
Lovme-T12,3
KOB-L09,3
AC83XX (core x4),3
HNNQ,3
LS49H3500W,3
LED50H150Y1000,3
M6,3
rk3128_??,3
55AX600C,3
IPBS72007_HN,3
U27GT,3
7PO_STW,3
HIMEDIA Q11,3
INPHIC_I10pro,3
PPTV-55P1S,3
MD6,3
M80_Pro,3
OPPO A79t,3
JIUZHOU_PTV-8508-02,3
ONDA MID,3
H43E07,3
GN151,3
SM-G9006V,3
Skyworth 8S70 GS,3
U21,3
xcube,3
SOP-N1,3
LETV_D6Q,3
D9 Projector,3
dsxr_02,3
jew,3
Lenovo A3910t30,3
CM101s-2_HN,3
H55E07,3
M3 Max,3
Lenovo K50-t5,3
vivo X9s Plus L,3
MOOKA_42A5M,3
AOSP on wing,3
GT-I9152P,3
EVA-DL00,3
N201,3
8H83 M6,3
JmGO_P2,3
TbooK 10(E6N8),3
MYSOTO_2.0,3
VA_H2,3
M578CA,3
AliFunUI_Philips_32PFF5101T3_MT5507_N00G,3
KHD_SA12_1280_800_SAW007,3
EZVIZ,3
benq.KA65,3
K-Touch T90,3
N7,3
6607,3
M6L_S20_D512M_F4G,3
DiyoMate_A8,3
EC6108V9U,3
LE42E6900,3
8H27S KX,3
AK7,3
EC6108V9_pub_hnylt,3
LYCOO_A31S,3
1105,3
aoson mini5,3
Lovme-T15,3
SAMSUNG_P980S,3
IPTV,3
AS_3128,3
Skyworth 8A12,3
SM-G935T,3
LED-32U660P,3
SHIXIN_A31S_S5,3
TE203,3
Smart TV,3
GT-I9508V,3
MOOKA_32A6M,3
Lenovo P770,3
JmGO_A6,3
43PFF5301_T3,3
Smart,3
MOMO8W,3
Skyworth Hi3751V600,3
Readboy_G35S,3
R827T,3
ChanghongT02,3
Lenovo A368t,3
752A CH V2.6,3
HTC 2Q4D200,3
AQUOS 70XU30A,3
PL_MYSOTO_S805,3
lephone T708V,3
A5000,3
TWI5_30N,3
V008,3
MG100-U7_LaoLi,3
VQ,3
HM NOTE,3
LED39K360X3D,3
H60-L11,3
DOOV D360,3
AQUOS 70UG30A,3
B760H,3
Readboy_G300,3
OPPO R7sPlus,3
Letv T1S,3
vivo Y75A,3
EGREAT,3
IP906H_36T1,3
E9H,3
OP53,3
HIMEDIA Q10IIemmc,3
9R10,3
m525_80s,3
WOWOTO,3
9R43,3
U20,3
X101JTYL,3
LED40H150JGD,3
10MOONS_AML,3
HUAWEI G520-T10,3
KOPO L9,3
Coolpad 7605,3
Q7_nfitv@qq.com,3
LE32R31R1X1,3
GT-S7898,3
X4-50RP,3
SA12_1440_900_SAW007,3
BENQ_W1070I,3
EC6108V92,3
W55C1J,3
DP303,3
MYSOTO_NOTE,3
LED46K360J,3
T9000,3
TSHIFI_S4S_2.1,3
OTT_RK3128_XM,3
SM-A7000,3
fivestar 9R20Z Z390F,3
INPHIC-???,3
LED32K280J3D,3
rk3066,3
PAD-HD,3
R8007,3
vivo Y623,3
LE43AL88U51,3
konka KKHi3751V310,3
K6,3
SM-T331C,3
YM_LTKJ_3128,3
UNT400B4,3
t3,3
8676-M01,3
XiaoMei-BOX,3
MD3634,3
Lenovo YT3-850F,3
VCR-A0,3
LED39K280J3D,3
U31GT,3
TB01-V3,3
LYCOO_A31S_S5,3
GT-I9158P,3
EYU T11,3
XIAXIN_AW306,3
CM101s5,3
LenovoTV 49E82,3
M101,3
GM-T1,3
Yunhe-BT-4001,3
Coolpad 5270,3
HUAWEI CRR-UL00,3
Lenovo A330e,3
POV_TV-SMARTTV-500,3
A600 TVBOX,3
HTC D816,3
A10s-TVBOX,3
7230-B,3
S42K,3
10moons D6Q,3
BSL_M10,3
MV8500,3
KT107H,3
SM-T705C,3
HDP1690,3
vivo Y28L,3
LenovoTV 55E6,3
MXQpro+,3
B8058,3
GT-N7105,3
booslink-RK3229-CIBN,3
G36,3
MEEG 201M,3
M101_UM_HN,3
LED32H150Y1001,3
GT-S7572,3
C9-H8,3
40PFF5655,3
WASU_MagicBox_HNU_H,3
Max3-65,3
vivo X5L,3
AFTS,3
GT-I8558,3
4.4.4_uploadError,3
M631,3
AGS-L09,3
vivo Y937,3
Q7A,3
EGREAT_TVBOXH83,3
KONKA_40R6200U,3
10MOONS_D8_PLUS,3
EC6108V9_ahwyd,3
SmartSTB-S805,3
???HG680-V,3
C106-9,3
R811,3
Readboy_G35,3
HiDPTAndroid Hi3751V100,3
G2-20,3
Y07,3
OPPO R9s Plust,3
TB_H2,4
Modeo,4
0radixROM,4
PRA-TL10,4
EC6108V97_HN,4
GT-S7562i,4
F55,4
KIUI_RK3188TENA,4
Full AOSP on ADA Amber3,4
M A5,4
EYU T31,4
Hisense LED40K360X3D,4
PL_MYSOTO_RK3128_HIGH,4
x600,4
R831T,4
MoonBox Pro,4
PLK-UL00,4
TS55K,4
LYCOO,4
OPENBASE_H2,4
M3,4
INPHIC_I5C,4
CXSD_H3,4
Full AOSP on Tecon Amber3,4
MK808B Plus,4
PPTV-50P,4
YBKJ_A21,4
Skyworth 8H75 600G,4
Redmi Note 5,4
EC6108V9A_pub_zjcyd,4
To Be Filled By O.E.M.,4
OPPO A53t,4
E05,4
EGREAT_V15,4
SM-T311,4
WATERFALL_T962,4
vivo Y22L,4
MyGica rk312x,4
MeLE M8,4
312X,4
RTD2969_HAIER,4
HUAWEI P7-L07,4
BFTV_628F1,4
B760EV3,4
N999,4
ZTE BA520,4
MYSOTO_A31S,4
NGW,4
Q-BOX 02,4
TV BOX T20,4
HLA NX,4
W50J,4
BAOFENG_TV MST_6A838,4
HC2800,4
vivo Y613F,4
S61,4
LED55H150Y1000,4
rtd294x,4
Box1,4
H4801,4
Readboy_G50,4
Android Project,4
R8205,4
FIBERHOME_HG680,4
Skyworth 8H71,4
ChanghongS06,4
1505-A02,4
T50 Plus,4
HUAWEI VNS-L31,4
BH-RK3128,4
Coolpad 7620L,4
ANGYT_A31S,4
BGMS,4
u18,4
TS40,4
geeya,4
EC6108V9A_pub_wide,4
LenovoTV 50S9,4
ibox,4
HKC V700,4
R7005,4
150718_DS,4
X909T,4
HAN886,4
HIMEDIA_H7,4
ideatv S31,4
AC822X,4
METRO_T962,4
IDER_BBA22,4
I9,4
S39h,4
HTC,4
8H83 E6090,4
8H93 G720S,4
benq.G845,4
iS-E4G,4
MZ68,4
Coolpad 8017-T00,4
AQUOS 60LX765A,4
M36,4
XMG,4
MOOKA_T968,4
CVTM628_512_PB813,4
TCL_TK8263_T,4
BAOFENG_TV,4
suma_s6_s805,4
Hisense F20T,4
MG100,4
GT-I9508,4
KT-101,4
MXQPRO,4
H6-A,4
goldstone85_bx_ip_kk,4
M9_SDK1.0,4
GIEC_R10,4
LCD_xxSUFOC470A,4
X9,4
EVR_CLOUDSPEAKER,4
Skyworth 9R40 E6000,4
KKTV_MS638_768M_JD,4
Lenovo A5800-D,4
le46a31s,4
GT-I9235,4
Redmi 3X,4
1503-M02,4
LE48AL88U51,4
BH_3368,4
X80 Plus(H6C4),4
1711-A01,4
R2017,4
Skyworth 8H80 G8210,4
49PUF6550,4
l3453,4
Lenovo P780,4
10MOONS_EYE,4
lephone T708,4
NEM-TL00H,4
DS02,4
ZTE BA611T,4
K-Touch L930i,4
AQUOS 60UG30A,4
FEITV55F1,4
4.0.4_uploadError,4
HUAWEI G520-0000,4
X35-02,4
COL-AL10,4
PPTV-32C2,4
JY-G2,4
HIMEDIA_Q2II,4
SM-T310,4
KAIBOER_4K_Fairy,4
GT-I9505,4
INPHIC_I7S1,4
F55SD160,4
Skyworth 8R97,4
S10,4
Quad-Core Enjoy TV Box,4
HUAWEI C8815,4
P98HD(A2Q6),4
Redmi 5A,4
SW-TP_AW305,4
X800,4
M7,4
978-?4PLUS,4
HIMEDIA Q3II,4
CSRK3288,4
zy-6s,4
EC6108V9U_pub_fjmdx,4
LED40K260X3D,4
AliFunUI_Philips_PUF6001T3_MS638,4
TPMINI_BIGEYE,4
BRAVIA 4K,4
4G+,4
KIW-CL00,4
AMS-721,4
GB8Series,4
SM-J7008,4
EchoTV_echo,4
lephone W2,4
HN6000iT-02,4
X701B,4
Coolpad 5892,4
PVODbox-P1,4
LED46K360J1011,4
GN5005,4
LE42AL88U51R1I1A,4
X18 JTYL,4
SM-J3119,4
A31s,4
lephone T11,4
E50LX7233,4
H30-U10,4
G9,4
N958St,4
Q912,4
DIG-TL10,4
HUAWEI MT2-L01,4
AK9,4
Readboy_G20,4
Coolpad 8297-T01,4
R2,4
GT-I9300,4
GT-N7000,4
VAM_3368Y,4
Android STB on cts Amber3,4
TE205,4
YPPL-RK3128_E,4
50PFF5661_T3,4
SM-A500H,4
CVTE_MSD338_512M,4
EC6108V9U_pub_bjjlt,4
MXQ Pro,4
vivo X5Max+,4
F5281CH,4
D49KH9222,4
TA-1000,4
GT-N5100,4
X4-40N,4
4S02_WS1,4
M3_M5_A100_old,4
L_Amlogic7366_ST315A05-1_2D_CHI,4
JIUZHOU_PTV-8098-05,4
RK3128_TSHION_IMGO_44,4
4.4.2_uploadError,4
32E9600,4
T-320,4
MagicBox_M17_A,4
HUAWEI C8816D,4
IdeaTabA1000-T,4
M1_S20_D512M_F4G,4
SM-G930F,4
QIYI_T868_1G5,4
MediaPad X1 7.0,4
S900,4
Amazon Tate,4
CSA93,4
YOGA Tablet 2-1050F,4
Skyworth 8S86 E3500,4
LED46K360X3D0012,4
Skyworth 8S82,4
SM-N9008S,4
55PUF6012,4
Mele HTPC,4
Diyomate-3188,4
JMM-AL00,4
LE43AL88U31,4
YW9500,4
DB1016US,4
R3,4
10moonsD8GBT,4
TVBOXTW,4
H628,4
Lenovo A938t,4
HiDPTAndroid Hi3751V551,4
MC_A18,4
43PUF6701,4
A20 TV BOX,4
V10+,4
EM8,4
GT-I9208,4
GREATHOPES_S4S_2.1,4
C32KD210,4
Q5Mod,4
Coolpad Y76,4
ALOES,4
MOS-B43,4
Coolpad 5950,4
E5-NGW,4
vivo X3V,4
AFTB,4
KIUI6,4
ioco IMX G1,4
DOOV V11,4
Q0103,4
M636,4
vivo X5Pro V,4
DIYOMATE_X12,4
Keruo,4
HG680-J,4
OD103,4
Suning 8R99Z 40U600X,4
GIONEE S10L,4
8H73 E6080,4
BB_A31s,4
MI 2SC,4
BND-AL00,4
55A5,4
Skyworth 9R20 E5DHR,4
Skyworth 9R47 E3500,4
S200,4
M638_MOOKA_UD,4
OPPO A77t,4
Hisense E81,4
HX_3229,4
vivo X6SPlus A,4
BF_T13,4
KT-101-D      (KT108),4
AR9,4
Smart Android TV,4
R7c,4
KONKA,4
Max4-65,4
INOVEL_TV,4
X6,4
PPTV-43P+Pro,4
ATH-CL00,4
M3 Enjoy TV Box,4
MT5507_CVTE_1G,4
Neo265Plus,4
32PHF5301_T3,4
SM-T230,4
kbe-f2,4
GT-P5110,4
GS705B,4
S805_ANDROID,4
LE42AL88U51R1I1,4
HW7000,4
LenovoTV 39E5,4
ZTE BV0730,4
FD4251A-CF,5
hx_s905x,5
konka,5
AliFunUI_Philips_32PHF5081T3_MT5507_N80,5
vivo X5Max V,5
VSOON_7029A,5
E18,5
LED42K680X3DU0001,5
Ramosi9,5
U83,5
GS100,5
KT-602B,5
G900_RTL8189_COB_Demo,5
infic-S805,5
LE42B510F,5
aodianD01,5
GT-I8552,5
TSHIFI_A31S,5
4S10_SK4,5
MYSOTO_S4_2.1,5
VA,5
ZTE BA610T,5
SM-G3509I,5
SM-G9200,5
G60_01,5
HOME,5
LED46K260X3D1000,5
HTV C5,5
vivo Y923,5
YBKJ_R28,5
Coolpad 5263CS,5
SHT-W09,5
LED39K600X3D,5
DLI-TL20,5
vivo Y13,5
8676-A01,5
G-P35,5
Coolpad 8729,5
SM-G955F,5
SM-N9009,5
D96,5
Skyworth 9R46 E3500,5
P1,5
UNT400B,5
W49F,5
BSL,5
LED50K680X3DU,5
XEME_Q3,5
U65GT,5
ins300,5
Lenovo A788t,5
TXCZ-PUB-31,5
HIMEDIA Q6IIemmc,5
48S1,5
TM8,5
GN8001,5
CHE9000,5
TV2,5
Mi Note 2,5
EC6108V9_pub_hnqdx,5
HW-CM101s-WYKJ,5
SK-1,5
EC6108V9A_pub_zjzyd,5
SM-N7508V,5
GN8003,5
MI 3C,5
Android TV,5
BAH-AL00,5
Skyworth 8R97 50U600D,5
T95ZPLUS,5
VAM_3368,5
CEA1,5
EC6108V9C,5
Hisense E602M,5
SM-G3139D,5
BOXER_H3,5
SJ-A31S,5
N10,5
KONKA_2982,5
LED55K20JD0002,5
48K5,5
R8107,5
50PFL6540,5
LTDN32K370HK,5
9R57_S9A,5
LE40AL88G31R1S1,5
LCD_xxSFFOC470A,5
U707T,5
Can C3,5
CM-305,5
HUAWEI TIT-CL00,5
H10D,5
MBX reference board,5
B760HV2,5
GT-P7510,5
MOOKA_U55A5M1L1,5
L_Amlogic7366_CMI_V420DK1_QS1,5
Hisense LED39K360X3D,5
F106,5
Seatay_S6,5
CX-728,5
ider_bba41_dev,5
GS1,5
Skyworth Android,5
xt880b,5
G13,5
lephone T7,5
8S48_X6,5
GN5003,5
T6A,5
Lenovo S898t+,5
5S07_A2,5
mute,5
G17s 3G??(K5E5),5
KBE_MSO9280,5
SM-A3009,5
RK3128_BOSM_MOBILE,5
Bestbuy 8R99Z E860C,5
KT105,5
Smart Box,5
G8A5,5
GN9006,5
M338_YUNOS_HAIER,5
48CE1210M,5
Lenovo B8000-H,5
I6_SDK12_DDR1G,5
i8,5
KIUI-S3288F,5
VUSMART 1S,5
PULIER_RK28_HY,5
le42f15s1,5
PPBOX P1,5
PPTV-55T,5
YFK-H3,5
EVPAD-2S-T,5
HDTV_BOX02,5
ISEEMINI v1.0,5
XXJ_Rk3229,5
LE42A5J,5
KP100,5
HLJ-GM-Q1,5
S40DB5200T,5
NEO-X7-216A,5
OPPO R11 Pluskt,5
U30GT-H,5
HM NOTE 1LTETD,5
OD105,5
vivo X3S W,5
BPI-M2-Plus,5
EARISE_K1,5
KBE_A20M,5
Skyworth 8H73,5
WT2,5
G2-40,5
17TV 55i,5
LED32EC510N2000,5
MELE_I7,5
S700,5
Q0108,5
DC5000,5
X9007,5
Skyworth 9R10,5
LE32AL88U51R1S2,5
S805_1G,5
LED58K680X3DU,5
ERBOX,5
F100A,5
TVBOX_H8,5
LG Android,5
HUAWEI G750-T20,5
VAM_3128C,5
VAY_3128,5
Skyworth 8S04 E760,5
9R60_S8,5
FUZHI,5
MI 5C,5
EC6108V9C-8G,5
XEME_Q4,5
LS55M31M1A1,5
Skyworth 9R49 E368W,5
i7,5
HONOR H30-L02,5
MagicCube,5
8681-M02,5
LND-AL30,5
ZXV10 B860A SW7,5
geeya_ott_v1,5
N1T,5
8H73 E6100,5
H60-L03,5
SA12_1280_800_SAW007,5
EGREAT_Q9,5
8H52_G6B,5
LED50G100,5
8H20_G2A,5
Hi3719CV100,5
A300,5
WIHOME_R10,5
8H73,5
Transformer TF101,5
V971s,5
PDS103,5
HAOSUNG_B35X,5
GT-I9082,5
CVTE_HV530_768M_8G_PC821_W,5
rk29sdk,5
ZM_Z33,5
CER1,5
BesTV,5
Lenovo A3860,5
X98,5
yunshuo,5
SM-G9287,5
M101_UM1,5
E65LX7231,5
E6mini,5
Global,5
Ramos i11 pro,5
R3300-M,5
BLN-AL30,5
MASTER_A31S_S5,5
INPHIC_I6H,5
X8,5
PPTV-40C2,5
LenovoTV 43E5,5
SM-A5100,5
ZUK Z2131,5
F160S,5
vivo Y79A,5
ZTE_B860A,5
NCE-AL00,5
A818C,5
55U2S,5
VAM_3128J,5
Fiberhome_HG680V,5
55PUF6261T3,5
MG100-U7_HN,5
Letv S40 Pro,5
S18,5
p212,5
LED50K260X3D1011,5
EC6108V9_????,5
HG680VEM5,5
W40F,5
i71,5
Q1001,5
SUBOR_R10,5
GO T3,5
BENEVE_ARMX50,5
SLA-AL00,5
KBE,5
LED32H150Y1000,5
Lenovo K50-t3s,5
KY910,6
FUNBOX_1.0,6
SH-01F,6
LE55AL88U31,6
H9,6
?????Q5,6
KBE_RK3368,6
V5,6
GBOX,6
MDI-M8,6
PPTV-43P1S,6
TS9201,6
TENA_B716,6
INPHIC_I7S2,6
IF195a,6
V819mini,6
fuyin,6
Coolpad A8-930,6
LA2-S,6
Fiberhome_HG680V_1,6
Skyworth 8H35 X6,6
haier_805,6
INPHIC_I6K,6
SF107,6
2014811,6
Can C7,6
Hisense M30,6
Skyworth 8S72 G6,6
M101_SM3,6
SM-N9006,6
DLP-SP,6
LED40H150J,6
HUAWEI GRA-UL10,6
Lenovo A388t,6
HIMEDIA Q15emmc,6
M578C,6
MI 4C,6
H8S,6
HG680-V,6
MINIM8S II,6
LE40AL88U51,6
CS968A,6
SM-J710K,6
KOPO L6,6
vivo Y11i T,6
SLA-TL10,6
4.2.2_uploadError,6
PIC-AL00,6
NX569H,6
EC6108V9U_pub_qdllt,6
E8,6
HKC_2968_512,6
????G2-40F,6
Lenovo S820,6
FunTV,6
T101 ZJ,6
RK3128_EMMC_LP,6
Lenovo A2860,6
HUAWEI P7-L09,6
timebox,6
VSOON_H8,6
HG680J,6
RT3230F10,6
HUAWEI G7-TL00,6
D58LW7110,6
HONOR H30-L01,6
Gadmei ICS,6
YX_SA15_1440X900_SAW007,6
ShowmateS5,6
M5_SDK20_DDR1G,6
MX4 Pro,6
HUAWEI Y635-CL00,6
LXTVBOX,6
MiTV4-ANSM0,6
CPN-AL00,6
MG101_????_LC,6
4.0.3_uploadError,6
HiSTBAndroidV5 Hi3719MV100,6
LED-48B700S,6
SM-G7106,6
rtd299x_tv035,6
T5,6
BSLYUN_H3,6
10MOONS_A20,6
M8,6
A51,6
8H90 G9200,6
INPHIC_I5S,6
GX-1,6
OPPO A79,6
M9_S12_D2G_F16G,6
TCL-CN-AM6C-A71C-M,6
E951,6
10MOONS_D8_U,6
QUAD-CORE A64 p1,6
sld3,6
Hol-T00,6
H96 PRO,6
JIUZHOU_PTV8098,6
8085,6
U7450,6
Skyworth Hi3751MV500,6
M01,6
EC6108V9U_pub_sdlyd,6
LED50K360X3D,6
SWT-31,6
A0001,6
V183,6
CPN-W09,6
f16ref,6
SM-N9005,6
PULIER_IMGO_2.0,6
AS650C,6
SM-G9300,6
le39f51s,6
Nexus 7,6
vivo Y13i,6
Skyworth 8R98,6
MXQ-4K,6
Generic Android on ac8317,6
LenovoTV 40S9,6
Suma-Q5_ZJ,6
GIEC_BOX3,6
8H87,6
WINKPAX_G1,6
RK3128_LYCOO_00_UE,6
PE-CL00,6
MediaPad 7 Vogue,6
43D2FA,6
i7-CX,6
HIMEDIA_Mx,6
w68,6
Suning 8R97Z 58U600D,6
MI 4S,6
EC6108V8U_pub_gdydx,6
LED50K600X3D,6
M351,6
KONKA D6+,6
R831S,6
ET_33,6
Hisense LED32K360,6
vivo X9Plus L,6
E50LX7100,6
SA12_1024_768_SAW1415,6
Full AOSP on MStar,6
SM-A8000,6
AQUOS 60UE20A,6
B_box,6
ZTE BA601,6
L_Amlogic7366_V500HJ1-PE8_2D_CHI,6
Best sonny LT999,6
rk312x_mysoto_ningmeng52,6
EC6106V1,6
HUAWEI RIO-UL00,6
SM-A9100,6
INPHIC_I8,6
8H83,6
B9,6
LA2-SN,6
KONKA_39M2800A,6
ZTE N928Dt,6
LED55K600A3D,6
ZM_Z39,6
pptv85,6
ZECO_CX6S,6
LED40K360J1000,6
TOPBOX_A31S,6
RK3128_MYSOTO_ADD_MOBILE_52,6
Letv X501,6
OPPO R9skt,6
H10-V,6
680-V-nfitv@qq.com,6
Haier2969,6
LED-32B760S,6
LED48EC510N,6
A4041,6
EC6108V3,6
ASK SB009,6
T13,6
L_Amlogic7366_V400HJ6-PE1_2D_CHI,6
EC6108V9_pub_zjcyd,6
MAGICD,6
U59GT-C4,6
Q3_999,7
Kumai 917,7
Sharp_MSD938_ST,7
A200_C_SHU,7
T1-821w,7
VAM_3128G,7
BAC-TL00,7
SA12_MLG_1280_800_SAW007,7
SMART PROJECTOR,7
Coolpad 8675,7
HDTVHD-V8,7
X80HD(G2N3),7
CS968,7
MXQpro,7
TXCZ_A20 TV BOX,7
VA_3368,7
ID_25,7
HM201,7
CVTM628,7
VAM6_3229,7
vivo Y66i A,7
BSL_S10A,7
8S41_X5,7
CAM-UL00,7
E900V21C,7
Skyworth 8K93,7
SM-G3568V,7
IP840,7
LC-931A,7
3128,7
N96,7
ET71,7
TV638,7
Moto E (4) Plus,7
A902,7
Mi Note 3,7
RT-165,7
32E8_LJ6F,7
LS6805.KL,7
ZTE A880,7
55PFL6340_T3,7
KIUI_MS9180_Q8,7
ONEPLUS A3000,7
9R51 G6,7
LED42K370,7
HIMEDIA_A31S,7
LED50K360J,7
MBOX,7
WTV55K1J,7
SM-A3000,7
GIONEE S10,7
BESTV_R1208-A,7
M1_SDK12_DDR512,7
dm_1001_pub,7
le39d10s,7
Redmi Pro,7
WASU_MagicBox_SHC,7
XXXX,7
S-010W-A,7
IP808H-B,7
HUAWEI C8816,7
v5c1,7
E8S5,7
vivo X3L,7
E8S4,7
PE-TL10,7
TM5Q,7
TT338512,7
V188S,7
GT-S7568,7
EC6108V9_OEM,7
Changhong Android,7
Skyworth 8K93 E810U,7
MYSOTO_NOTE_E,7
ZTE Q529T,7
SM-T805C,7
LED42K280J3D,7
SM-G3608,7
LEADER_RTD2969_A,7
IDER_BBA32,7
ja,7
youmovies,7
E3,7
ZTE B2015,7
B-100,7
MI,7
8H87 G720S,7
HiAndroidV5 Hi3716CV200ES,7
MSI_798QX,7
Fiberhome,7
IDER,7
BKL-AL20,7
LCD_FOC36A,7
MT8685UN,7
OIW10,7
TXCZ-SDK,7
MG100-U3_GX,7
Full AOSP on Konka,7
NEO-U1,7
MIX 2,7
NX531J,7
vivo X510t,7
rk312x_juxiang75,7
HIMEDIA Q1IIemmc,7
Hisense M20-T,7
PULIER_A31S,7
Skyworth 9R51 G6,7
SCH-I829,7
MQLiveBox,7
8H71 E5,7
1501_M02,7
tgv15cok,7
Nexus 11,7
XLH_3128B,7
LED42K360X3D1001,7
ETV-02,7
PH700,7
TOPBOX_S805,7
SM-G6100,7
PTV-8098,7
XMATE_A31,7
CM101S-2,7
Suma-Q5-05_LN,7
ZM,7
vivo Xplay,7
BNWCA-L,7
LED32L2882000,7
JDN-W09,7
Lenovo B8000-F,7
Readboy_G100,7
OPPO R9 Plustm A,7
MYSOTO_2.1,7
JNJ_SA15_1680X1050_SAW007,7
R89,7
PPTV-50C2S,7
SM-E7000,7
Konka Android TV 838,7
STF-AL00,7
EC6108V8U_pub_sdllt,7
AQUOS 80UD30A,7
HT-02-M14B,7
HCW_K9,7
SM-G5308W,7
GP70,7
TXCZ_A10 TV BOX,7
SM-C7010,7
GN8002S,7
A101,7
IVPAD,7
GN3003,7
EGREAT_V19,7
HIMEDIA Q16emmc,7
LED42K360X3D,7
KI,7
LED32EC510N,7
vivo X5V,7
Q1,7
UBOX4_S900ProBT,7
SUBOR_R10+,7
vivo X9L,7
8H91 Q8,7
32D3700i_LJ5C,7
hlkt,7
PULIER_S4S_2.1,7
KONKA_A48F,7
LED42G100,7
IpremHalo,7
Skyworth 9R50 G8210,8
7PO_STW_2,8
LED50K260X3D,8
Z6-A,8
X80HD(G2N8),8
SM-T211,8
zyELF6,8
HIMEDIA Q7emmc,8
GN9010,8
KKTV_K55,8
65K5,8
X4-43Pro,8
HaierT868,8
LE32R31R1B1,8
PPTV-50C2S4K,8
YNH3,8
inphic_i8,8
LE43R31M1B1,8
S905L,8
CM101s-2-7_HN,8
KIUI_MS9180_Y,8
2014112,8
TMB2200RA_FoxROM,8
Hisense M30T,8
YD_H3,8
ETV-04,8
Mele-M1,8
Coolpad Y91-921,8
OS105,8
UTOO BOX T10,8
M201-S,8
IP906H,8
H30-T00,8
T866_QIYI,8
SM-J5108,8
E Jia Qin,8
HUAWEI TAG-TL00,8
ZP10,8
vivo Y37,8
LenovoTV 32A3,8
D51732,8
Skyworth 9R20,8
Allwinner,8
HTC D816t,8
WP,8
MST608-MTC-LE48M33S,8
LE55G3000_LC550DUJ,8
Q03S,8
CVTM628_512_PB818,8
VAM_3229,8
K62,8
????_CM101S,8
OPPO R11 Plus,8
BS_3229M,8
LS49A51M1L1,8
Skyworth 8R96,8
M338_YUNOS_MOOKA,8
SDK,8
EC6108V9E_pub_sxjlt,8
OPPO R11s Plus,8
P88(H3D7),8
17TV 43S9i,8
C829,8
LED39K610X3D,8
vivo X710L,8
LED40K360J,8
BRAVIA 2015,8
Android TV on Haier,8
S6000,8
Q0106,8
GAC-003,8
HUAWEI GRA-CL00,8
SM-N9002,8
LCD-xxBEL8A,8
NX549J,8
VAM,8
Lenovo S920,8
LED55K360X3D0011,8
VSOON_S805A,8
S42V14B-CN,8
A8010Q,8
Fiberhome_HG680V_5,8
T50 Plus?,8
8S47_X6,8
MOOKA_42A6M1I2,8
S800,8
MIX,8
F8,8
LCD_40FOC465A,8
ZXV10B860AV2-1-a,8
rtd299x,8
2014821,8
G66,8
IDER_rk3128_??,8
XMATE_A20,8
atm7039s,8
BLA-AL00,8
BSL_S805_ANDROID,8
Letv,8
Wihome_M6,8
Q10??,8
R3300,8
XMATE_A295,8
YOUMOVIES_A31S_S5,8
F100S,8
EC6108V9A_pub_jljlt,8
LED50K360J1000,8
TV338,8
vivo X6Plus A,8
SA12_KBE_1280_800_SAW007,8
Pico-Projector,8
HUAWEI SC-UL10,8
BS_3128M3,8
T4,8
LE42AL88U51R1I2A,8
A500,8
EC6108V9A_pub_sxqdx,8
iFlyBox_V02,8
A107,8
LED65K680X3DU,8
M638_ALI_UD,8
GT-P5200,8
cucc_sichuan,8
WEIHE_V3C,8
Skyworth 8H83 M6,8
TE202R,8
INPHIC_I18,8
SM-A5000,8
U25GT2-T,8
EGREAT_TVBOX02,8
HUAWEI C8817E,8
LE40AL88U51R1S1A,8
EC6108V9U_ca_sccdx,8
MediaPad 10 LINK,8
LED42H150Y1000,8
CX_H8,8
HN6000iT-01,8
SM-G9008V,8
LK_3128A,8
CX3MAX,8
AGS-W09,8
SM-N9008V,8
KTV_JSL,8
MediaPad 10 Link+,8
KKTV Smart TV,8
koobee S301T,8
MG100_UM3_SC,8
X4-65S,9
DSKBS,9
INPHIC_I8S1,9
HUAWEI M2-A01L,9
Coolpad 8675-FHD,9
le48a33s,9
8S88_G6A,9
T55,9
BS_32MF,9
SA12_XY_1280_800_SAW007,9
JmGO_C6,9
Z822,9
Skyworth 8K59 E7BRE,9
42MQ1,9
UNT200C,9
KONKA_49R6200U_72000791YT,9
Fiberhome_HG680V_7_HN,9
D5,9
S900PRO,9
PX510,9
NSQ-64-bit-Octa-core-Cortex-A53,9
EC6108V9U_pub_fjmyd,9
M7136D1,9
KTV,9
SM-G9008W,9
M1_S20_D1G_F4G,9
DONGLE_H3,9
Pioneer 9R20Z B800S,9
KKTV_K32_D,9
LEX720,9
40PFF5650,9
X4-65 Curved,9
8H71 KX1,9
lephone T7A,9
SWT-20,9
HTP Android projector,9
SM-G9500,9
ET_35,9
EC6108V95_HN,9
vivo Y53L,9
ZIDOO_X9S,9
ASUS_Z012DA,9
T2_4Core,9
GB730C,9
Coolpad Y75,9
Fiberhome_HG680V_3,9
LE65A5000,9
YBKJ_A5,9
LE42TX5,9
HM NOTE 1TD,9
HIMEDIA Q3IIENemmc,9
OPPO R11st,9
R260,9
Letv X3-49,9
LC-1023W,9
LCD-45SF475A,9
VAY_3368,9
EC6108V9A_pub_sxjlt,9
T9,9
8S82_E5,9
vivo X9s L,9
EC6108V9U_4K,9
PC1560_20141118,9
Tv Box,9
rtd298x_tv013,9
VT-E03M,9
vivo Xplay3S,9
WP3K1A,9
8S40_X5,9
8H66 H7,9
CM201z,9
LG-M700,9
LE40AL88U31_02,9
KNT-AL10,9
DL-S5,9
JmGO_G3,9
A2,9
TGH-T18,9
BSL_H8,9
TRT-TL10,9
Skyworth 9R15,9
???T8,9
ysten-E5NLW,9
LED50K680X3DU0001,9
Tab2A7-10F,9
Hisense LED39K610X3D,9
ONEPLUS A3010,9
Q11 NOS,10
N970,10
HUAWEI P8max,10
INPHIC_P10,10
9R43 X5,10
LED50K360X3D0011,10
CTS-A2.AF002.8188,10
CS918S,10
M3_M5_A100,10
VAG_32MOS,10
COOLUX-U+,10
OTT,10
Coolpad 8722V,10
PRO 6,10
DB4036,10
RK3128_BOXUN_52,10
U6500C,10
T20,10
Hisense LED48K360X3D,10
PM100,10
32S230,10
T1-823L,10
MOOKA_43A6M1B1,10
M1 E,10
S89,10
PPTV-55P,10
AOSP on p32a1,10
OPPO A59st,10
ideatv K91,10
SCL-CL00,10
X16 Plus(D3A5),10
GIEC_R1,10
LCD-xxBEL7A,10
JmGO_G1S,10
hotel,10
HiDPTAndroid Hi3751V510,10
EC6108V9_4K,10
PLK-TL01H,10
H60-L01,10
XT910,10
HaierT966,10
TF-N81,10
LED55K600X3D1011,10
M101_UM5_HN,10
LED-49B550S,10
Lenovo A2800-d,10
HISIV510_HAIER,10
TM_YUNHE_H3,10
LE32AL88U51,10
X4-50N,10
SM-G5500,10
LCD_40FOC468A,10
SM-G7508Q,10
Android on nt72668 TCL,10
EC6108V9A_pub_dpdlt,10
VSOON_A31B,10
HKC G65,10
PE-TL20,10
ZM_Z22,10
LEPLES,10
XMATE_R31,10
A31t,10
vivo X9s Plus,10
SM-C9000,10
K013,10
VAM_3128M3,10
MyGica TV BoxMX,10
BS_3128MF,10
HG680-R,10
HIMEDIA,10
LCD-xxCAE5A-B,10
10MOONS_D8U,10
RK3368-MYSOTO,10
KONKA_49R6200U_72000857YT,10
le42m37s-ud,10
LED58K280J,10
KBE_SA15_1280x800_SAW007,10
Skyworth 9R08,10
Android,10
vivo Y66i,10
SM-G9550,10
5S22_KX,10
MI 5s,10
A62S,10
OPPO A77,10
SF127,10
HCW_K8,10
S9,10
M9C MINI,10
BTV-DL09,10
RK3128_KAIBS_52,10
XXJ,10
Coolpad 8712,10
LED55K360X3D1011,11
K200,11
AYHT,11
MI 2S,11
AX600C,11
LED39K680X3DU,11
M101_UM3,11
LYCOO_2.0,11
Anbolt_512,11
OPPO R9t,11
HIMEDIA A7,11
D40MF7090,11
H8,11
Full Android on zx296700,11
Sansui,11
1505-A01,11
S900Pro,11
S900_Pro,11
F42DB3000T,11
UBOX4_S900PROBT,11
vivo X9s,11
3007,11
BAC-AL00,11
SCL-TL00,11
DX01C,11
S8-701u,11
HUAWEI MT7-CL00,11
wobo,11
A-series,11
KIUI_MS9180,11
IDER_BBA61,11
X1,11
m1 note,11
LC-A11A,11
KT-960-E,11
Letv Max3-65,11
U3600C,11
NEM-TL00,11
vivo Y55L,11
Letv C1,11
Skyworth 8H31 3500,11
HG680,11
AQUOS 40U1,11
i9,11
8H67 V1,11
LYCOO_S4S_2.1,11
SM-T800,11
G621-TL00,11
CX_810S,11
LE55G3000,11
IPTV_5.0,11
HUAWEI M2-803L,11
METRO_T968,11
MI 2,11
2014812,11
CX3,11
VA_H3,11
EC6108V9E_pub_tjjdx,11
SCL-TL00H,11
CX_A33,11
X4-55M,11
AYT-RK3128,12
GIEC,12
W32H,12
TV BOX,12
CM101S,12
EC6108V9U_pub_jljdx,12
LFS801,12
50U2S,12
M2 E,12
BND-AL10,12
HUAWEI VNS-TL00,12
PL_MYSOTO_RK3128,12
HUAWEI VNS-AL00,12
LED-9,12
KBE_T3,12
TRT-AL00A,12
D43TS7200,12
CX5C,12
OPENBASE_H3,12
C11,12
1501-A02,12
ZXV10B860AV1-1,12
MI 3W,12
LCD-xxCAE5A,12
KBE_K610I,12
LED55K680X3DU,12
m201C,12
vivo Xplay6,12
Can C2,12
BAOFENG_TV AML_T962,12
WX_V001,12
X1 7.0,12
N960,12
TM5_Duo,12
EC6108V9_ahwyd_CNTV,12
INPHIC_I7,12
LingYue-HD410,12
M638_MOOKA,12
LED42K610X3D,12
Skyworth 8H31 X5,12
S-1,12
Konka Android TV 2998,12
KONKA_MS638_4G,12
SM-N9100,12
AQUOS 46LX765A,12
XMATE_A29,12
U700,12
D08,12
M6S,12
LE32AL88G31,12
KIUI_AW31S_M,12
F3800U,12
9R59 V9,12
????,12
??,12
CHM-UL00,12
G60_03,12
E9,12
CB-100V3,12
SF196,12
HT-02-M14,12
MeizuBox,12
SM-C5000,12
Le X820,12
Android TV on QingJi QT5A3(NAND),12
M1_SDK12_DDR1G,12
NV3017,12
Skyworth 8S08 E900,13
x2maowang,13
LE40AL88G31R1,13
ZECO,13
Hisense F22,13
UM-UNT400B005,13
M821,13
lephone T7+,13
LED32K360J,13
KKTV_K32J_DD,13
Q3,13
ALE-UL00,13
BAH-W09,13
P8HA,13
I7_9_S12_D1G_F8G,13
UNT400B5_HN,13
50PFF5655,13
TSHIFI_A31S_S5,13
LED50K360J1002,13
MG100-U5_HN,13
H7E,13
Readboy_G90,13
HaierT962,13
PBGA3111A,13
giec_a,13
TV_BOX,13
U25GT-C4W,13
K55,13
R6007,13
IDER_BBA31,13
SM-N9200,13
skyworth-E310,13
M338_YUNOS_METRO,13
VAJ_32MOS,13
5S23S_KX2,13
WEPOWER MEDIABOX MX,13
S40A,13
CVTE_MSD338_512M_PB801,13
MC8638S97,13
F100L,13
Coolpad 8675-A,13
KOB-W09,13
N1,13
HUAWEI MT7-TL00,13
HUAWEI NXT-TL00,13
LED42K360J1000,13
Skyworth 8S61,13
GREAT_AKTION4K7,13
WASU_MagicBox_SHU_HL,13
B860AV1.1-T2,13
vivo X6Plus D,13
LED32K360,13
Che2-TL00M,13
M301H_SM0_SD46,13
S919,14
OPPO A53m,14
OTT_H8,14
android,14
HKC TV,14
D50LW7100,14
NV1001,14
EC6108V9U_pub_jljlt,14
N910,14
WAS-AL00,14
M623C,14
ZQ102,14
Hisense LED50K610X3D,14
H96 PRO+,14
BS_3128M,14
MIBOX3,14
M5s,14
LED32EC510N1001,14
10moons_D8G,14
Generic Android on,14
D48MF7000,14
PRO 5,14
LED55K600X3D,14
HUAWEI TIT-AL00,14
EVA-TL00,14
m3,14
GEM-703L,14
Skyworth 8R94 E660Z,14
C8817D,14
Android TV on THTF 6A600,14
SM-T110,14
MI NOTE Pro,14
LE43AL88U31_02,14
wing_SA12_1280X800_SAW007,14
rk312x_mysoto_pure52,14
HUAWEI G750-T01,14
CX_A19,14
TE200,14
ZTE BA510,14
S69_V2,14
QUAD-CORE A33 y3,14
GB708,14
ONEPLUS A5000,14
HIMEDIA_H4,14
EC6108V9A_pub_ahwyd,14
32PHF5000,14
TOSPASB,14
B860AV2.1_2,14
kaiboer_64bitbox,14
SM-G9250,14
OPPO R9st,15
DLI-AL10,15
OPPO A73,15
FRD-AL00,15
MuMu,15
public,15
AQUOS 58U1,15
S812,15
vivo X5M,15
42 HAIER GITV,15
M6 Note,15
E960,15
wolfs,15
INPHIC_I12,15
Letv S50 Pro,15
CM1012,15
XT780,15
A818,15
GB7Series,15
vivo X5S L,15
HUAWEI Y511-T00,15
M8_SDK12_DDR1G,15
SCL-AL00,15
OPPO R11t,15
MYSOTO_A31S_S5,15
X4-55 Curved,15
ROWA_S610,15
TT338512S,15
LenovoTV 39A3,15
D39LW7110,15
EC6108V9E_????,15
vivo Xplay5A,15
GN5001,15
U2100,15
inphic_TVBOX_H8,15
SEGA,15
S3,15
S1003,15
10MOONS_T2U,15
OTT_H2_XM,15
M3S,15
YBKJ_A20,15
S1,15
KNT-AL20,15
TV-BOX,15
Skyworth 8H83 6080,15
BLN-TL10,15
Quad-Core,15
8S72 G6,15
LEADER_A43C,15
1605-A01,16
VAM_3128LY2,16
HUAWEI CAZ-AL10,16
SM-G900F,16
LYTV,16
GT-I9152,16
CM101S2,16
C32KD110,16
IDER_BBA23,16
Che2-TL00,16
F103S,16
1607-A01,16
CEH1,16
Skyworth 8S61 14KJ,16
HiDPTAndroid_Hi3751V320,16
10MOONS_H3,16
LS42H6000,16
OPPO R11s,16
Skyworth 8H71 KX,16
C42SD320,16
KIUI_3188,16
MX Enjoy TV BOX,16
IPBS9505,16
s900,16
AOSP on p383,16
vivo X6A,16
Skyworth 9R25 K3,16
LED58K280J1001,16
CAM-TL00H,16
P08,16
K200_hdmiin,16
Skyworth 9R53 G6,16
TASU-T,16
NCE-AL10,16
BLN-AL20,16
Che2-UL00,16
SM-A9000,16
Q5D,16
LED46K360X3D1012,16
BLN-AL40,16
EVPAD-PRO-T,16
TD8802,16
vivo Y913,16
H32E07,16
swt1,16
1503-A01,16
SM-G9280,16
HUAWEI RIO-TL00,16
TJHZ,16
TVBOX-H3,16
Redmi Note 5A,16
IP508H(13U1),16
2014011,16
AOSP on p201,17
CX_A39,17
DB1016,17
Hbox,17
9R52 V9E,17
PPBOX 4K,17
X99,17
10MOONS,17
K220,17
SUGAR Y7,17
DIG-AL00,17
CAM-AL00,17
AndroidTV-CS918S,17
LON-AL00,17
wing_SA11_1024X600_SAW158,17
MI 5X,17
32PHF5021,17
vivo X6SPlus D,17
led65xt900x3du,17
A4021,17
LCD_45FOC46A,17
INPHIC_h8,17
TCL_32E9600,17
Hisense LED46K360X3D,17
LED42K360X3D0001,17
LED32K600X3D,17
EC6108V9A_pub_hnxdx,17
Skyworth 8H83 6090,17
LED46K360X3D0011,17
KKTV_U50,17
10MOONS_D6,17
XEME_R2,17
R8207,17
LenovoTV 40A3,17
MOOKA_40A5M,17
vivo X6D,17
A20,17
F55DB7100T,17
Hisense LED42K360X3D,17
DX00C,17
KIW-TL00,17
M3s,17
wz802,17
T2,17
A100,17
T1-701u,17
KIW-TL00H,17
Android projector,17
MX6,17
LeaderSMARTTV,17
M101_SKYWORTH_3,17
150718_HNDS,17
rtd298x_tv015,17
S8-701w,17
E310,17
Full AOSP on Skyworth 6A801,17
Skyworth 8R93 E7BRE,17
TXCZ-31,18
8S45_E3,18
KNT-UL10,18
LED48K360X3D,18
Haier_T962_4GenS,18
XT810,18
m1 metal,18
LED42K360J,18
JD-2D-6330,18
R7Plus,18
MiBOX,18
VIE-AL10,18
GT-N7100,18
Konka Android TV 648,18
ZHX,18
2013022,18
SMART TVBOX,18
AQUOS 50S1,18
CTVB-1,18
X2,18
M6L,18
LED40L288,18
OPPO A83,18
MBX dongle board (f16ref_dongle),18
led65xt900x3du1001,18
Skyworth 9R43 X5,18
vivo X9i,18
Quad Core TV BOX,18
hongx-A20,18
Skyworth 8K55,18
SA12_TB_1280_800_SAW007,18
R1,18
D49KH7202,18
A810,18
ZM_Z88,18
M5,18
EZVIZ R2,18
MoonBox-M?,18
BOX,19
HIMEDIA_HD600AII,19
LE32AL88U31,19
Skyworth 9R48 E366W,19
Full AOSP on Leopard SOC,19
5S32_N2,19
U59GT-C4B,19
Skyworth 5s22 E5,19
dolphin-tc,19
W43F,19
R1208A,19
RK3128,19
?????,19
M651CY,19
IPBS84003_JX,19
eTV BOX,19
led50xt900x3du,19
2014501,19
8S46_E3,19
MXQ,19
HaierT868_1G5,19
OPPO A53,19
VKY-AL00,19
rtd294x_tv001,19
LED40K360X3D,19
WTV55K1,19
vivo Y13iL,19
Levision,19
17TV 50i,19
MX5,19
M638_HAIER_UD,19
HUAWEI M2-A01W,19
KT-101-A,20
UNT400B2,20
S805_512M_C,20
MOOKA_48A5M,20
BBA42,20
PULIER_H2,20
GIEC_BOX2,20
JD6330,20
H8C,20
LED55K610X3D,20
VTR-AL00,20
B860AV2-1,20
CHE-TL00H,20
Skyworth 5S02 15U,20
LED42K600X3D1001,20
SUBOR_G10,20
LED39K610X3D0001,20
SMART_TV,20
XN-PAD-G,20
EC6108V9U_ymkj,20
CHM-TL00,20
S1001,20
vivo Y35A,20
Che1-CL20,20
Remix Mini,20
KBE_3188D,20
IPBS84003,20
SF001,20
P10,20
PLK-AL10,20
ZN009,20
INPHIC_I10M,20
SAMSUNG-SM-N900A,20
OTT_H3,20
geeya_ott_v3,20
CUN-TL00,20
SA12_1024_768,20
rk3288,20
M101_UM7_HN,20
EGREAT_V2,20
Full AOSP on Sofia,20
CHM-CL00,20
VA_3229,20
PULIER_S4_2.1,20
koobee S305M,21
Android TV on MStar Eagle Generation 1,21
F40DB5100T,21
HIMEDIA Q12emmc,21
M571C,21
LED65K600X3D1000,21
EGREAT_S4_2.1,21
LS6802,21
HUAWEI RIO-AL00,21
8H26_M9,21
IP903H,21
HiSTBAndroidV5 Hi3719CV100,21
Full AOSP on,21
EVPAD,21
PH800,21
GT-P5210,21
LED48L288,21
SE818,21
S65,21
vivo X5Pro D,21
Redmi 5 Plus,21
Judou J1,21
HM 1S,21
UNT400B3,21
LED47K600X3D,21
Android TV on MStar Eagle(NAND),21
HUAWEI TIT-TL00,22
LevisionPico,22
EVA-AL10,22
YUNHEN_BT,22
YFK-N10,22
le32d31s,22
M3_S20_D1G_F4G,22
H300-II,22
STF-AL10,22
Che1-CL10,22
A1,22
42S260,22
EC6108V9E_pub_hnylt,22
AIUI96,22
E2001,22
EC6108V9A_pub_bjjyd,22
MG101,22
RK3128_MYSOTO_PURE_52,22
HERAN Android TV,22
L3500,22
OPPO R7s,22
H10E,22
G2-40F,22
10MOONS_D9,22
MiTV4C,22
Redmi 3,22
INPHIC_I9S1,22
m2,22
ATH-AL00,22
rk3028sdk,23
LCD_40FOC466A,23
4G,23
F103,23
10MOONS_RK3368,23
Dual-Core,23
Android TV Box,23
GIEC_S805C,23
ALE-TL00,23
KAIBOER_4K_ARES,23
vivo Y67L,23
WASU_AND_TERM_512M_PB818,23
SM-J5008,23
Letv X3-55 Pro,23
CTS-A2,23
LED55K20JD,23
S96,23
RTB-C1,23
mini,23
AYT,23
vivo Y13L,23
CHE-TL00,23
HIMEDIA Q5II,23
T1-A21w,23
Skyworth 8S70 E710S,23
x96,23
LE43AL88,24
INPHIC,24
M6_S20_D1G_F4G,24
Hisense LED42K610X3D,24
ALP-AL00,24
AQUOS 50U1,24
LE32AL88G31R1,24
LED50K360J0002,24
softwinners,24
UNT400C,24
MI NOTE LTE,24
JD,24
CVTM638_768_PC821,24
8H88 G9200,24
MI PAD 3,24
GN5001S,24
RK31SDK,24
LS55AL88G51,24
vivo X20,24
KBE_SA15_1680X1050_SAW007,24
LED42EC510N,24
LCD-xxCAE5A-C,24
TVBOX,24
OPPO A37t,24
GB9Series,24
rtd298x,24
Skyworth 8S50,24
CUN-AL00,24
TCL Android,24
HUAWEI MT7-TL10,25
Pa01,25
R-8XX-iCNTV,25
PPTV-43P,25
FlintStoneDigital T2-S,25
vivo Y53,25
D6_Duo,25
TK6200,25
vivo Y35,25
CM101s7_HN,25
Skyworth 9R52 V9E,25
OTT_H2,25
Letv New,25
Smart Android projector,25
Hola Android Projector,25
JmGO_G1,25
PRA-AL00X,25
SmartProjection,25
MI 3,25
MiBOX4C,25
Full AOSP on MStar Cedric3,25
rk312x_mysoto_g5_6,25
vivo X20A,25
LCD-xxBEL7A-C,25
Hi3796MV100,25
B860AV1.1_3,25
INPHIC_GT7,25
XW-930,26
Letv Max4-70,26
WTV43K1J,26
Q0107,26
Skyworth 8S53 E510G,26
OPPO R7sm,26
8S40 E3500,26
CX_718,26
LE48AL88U31_02,26
Skyworth 8R99 40E790U,26
H9K,26
FDR-A03L,26
8H84 E6200,26
MI 5s Plus,26
Hisense LED55K610X3D,26
FRD-AL10,26
MiTV4,26
KONKA_A48U,26
SM-C7000,27
Skyworth 8H83 V5,27
10MOONS_D8G,27
Redmi 4,27
Hisense LED32K610X3D,27
CVTM628_PC821,27
R7Plusm,27
ChangHong Android,27
EC6108V9U_3G,27
ZQ200,27
EGREAT_TVBOX3128,27
T1,27
S900PROBT,27
led55xt900x3du1002,27
EDI-AL10,27
PH900,27
KBE_3188,27
LED42L288,27
RK3128_BOSM_MOBILE_52,27
DUK-AL20,27
Q0105,27
I71,27
D60,27
8A22 G6A,27
MX4,27
Skyworth 8H84 E6200,27
KIUI,28
NEM-AL10,28
KYL,28
LCD-LX560A,28
W1050,28
EVA-AL00,28
MStar Google TV,28
WTV43K1,28
SKYWORTH_E900,28
Fiberhome_HG680V_1_ZJ,28
A6,28
IDER_BBA51,29
PULIER_K2X,29
KBE_SA15_1280X800_SAW3,29
TZ_A0105,29
BoeTV,29
IDER_BBA43,29
HUAWEI M2-801W,29
Skyworth 9R20 E381E,29
F42DB5100T,29
CH_MST648_73_1G,29
LED55K600X3D1000,29
RK3128_LYCOOWIN_00,29
MG100-U2,29
9R08_E6000,29
vivo X6S A,29
SHAYT,29
M6S_S20_D1G_F4G,29
TS42,30
BAOFENG_TV MST_6A639,30
i71S+,30
IPBS8400,30
BST2R04B,30
MiTV2,30
LED50EC280JD,30
vivo V3M A,30
vivo V3,30
vivo,30
Skyworth 8R96 E7BRE,30
9S51_Q7,31
ZXV10 B860A SW5,31
S40DB5100T,31
vivo Y27,31
KBE_3128M,31
HIMEDIA HD600AII,31
MYA-AL10,31
MI 4LTE,31
rtd298x_tv001,31
Z316,31
Skyworth 8H83 M5,31
10moons_A20,31
M5 Note,31
LED42K610J3DP,31
40PFF5021,32
LED32K610X3D,32
AQUOS 70UD30A,32
HM 2A,32
mygica TV box,32
1107,32
H3000,33
F2-SW,33
E950,33
LED46K360X3D,33
HaierT968,33
Skyworth 9R59 G7,33
Skyworth 8S61 14A43,33
bubble,33
vivo Y33,33
MStar Android,33
S69,33
LED48K20JD0011,33
BBA22,33
LCD-LX565A,33
rk312x_mysoto52,33
Skyworth 8H73 6000,33
Letv X500,34
Generic Android on mt5396,34
M1,34
PX8,34
OPPO,34
F43DB3300T,34
EC6108V9E_pub_jljlt,34
Skyworth 8K58 E680,34
FUGN,34
Redmi 3S,34
10moons_A10S,34
TM5,34
8H73 M5,34
TLR2969_512,34
LED65XT800X3DU,35
8H52 G3,35
MI 6,35
TXCZ_R10B,35
LED50L288,35
PRA-AL00,35
Skyworth 8K59 E660D,35
OPPO R7,35
vivo V3Max A,35
E5300,35
PX7,36
HUAWEI MLA-AL10,36
NET TV Box,36
HUAWEI TAG-AL00,36
Mi-4c,36
E130,36
PLE-703L,36
Skyworth 8S50 E5DHR,36
EC6108V8,36
C900,36
OPPO A57t,36
IDER_BBA41,36
MeLE-HTPC,36
KIUI_H3,36
KIUI_3128_FG,36
LED55L288,36
KIUI-3188,36
CAM-TL00,36
Skyworth 8S40 E3500,36
rk3128,36
GB960,37
Philips TV,37
vivo Y31,37
Z82S2,37
RK3128_ANGYT_70,37
vivo Y55,37
CHD3700i_512M,37
M638_HAIER,37
KAIBOER_4K_ZEUS,38
MG100-U3,38
RK3128_LYCOO_DEFAULT_52,38
Skyworth 8A14 K1T,38
led55xt900x3du,38
vivo Y66L,38
IP913H,38
10moons_D6Q,38
CVTM628_PB803,38
LE32AL88,38
W9,38
KIW-AL10,38
LCD-LX565A-B,38
MiTV3S-43,38
MStar Android Set-Top Box,39
le32d58s,39
MI MAX 2,39
BLN-AL10,39
MagicBox_beta,39
M101_CH_ICNTV,39
KIUI_Q2,39
8H83 M5,39
p201_iptv,39
DM1002,39
Konka Android TV 2861,39
KONKA_2600B_MS628,39
geeya_ott_v2,39
60872B,39
EC6108V9A,40
Skyworth 9R20 E386E,40
AndroidV5 Emmcwind8,40
E6800_H8800,40
vivo X9Plus,40
RK3128_BOSHIMEI_52,40
H60-L12,40
LED48K20JD,40
IP508H(13U2),41
EC6108V9A_pub_hnylt,41
HIMEDIA H9,41
A3_905X.V0D71,41
W716,41
KBE_3066,41
ideatv S61,42
LK_3128B,42
M9,42
rk31sdk,42
LED32L288,42
vivo Y55A,42
YBKJ_rk312x,42
D42A561U,42
OPPO R9 Plusm A,42
G80,42
LE42AL88,42
LE40AL88,42
l4300,43
vivo Y31A,43
8S70_E710S,43
2014813,43
Skyworth 8K10 U1,43
HM NOTE 1LTE,43
TOPBOX_RK3128,43
I5D,43
Skyworth 5S05 U2,43
INPHIC_A31S,43
OPPO R9tm,43
9R20 E3500,43
E900-S,43
Vision,43
E900,44
A3,44
H7A,44
Letv U2,44
vivo Y23L,44
AOSP on p332,44
KIUI-S3368D,44
Q2S,45
Skyworth 8H71 E5,45
SF109,45
Skyworth 8R93 E660E,45
E910,45
KBE_AW31S,45
10MOONS_D3J,45
LCD-UF30A,46
LED50K20JD0001,46
HIMEDIA Q5IIemmc,46
NV3012,46
F100,46
vivo X7Plus,46
M300,46
LG Android TV V4,46
Skyworth 8H71 E6000,46
LCD-LX460A,46
10MOONS_GT7,46
GREAT_ALLE4K3,46
Lenovo P70-t,47
m3 note,47
vivo Y67A,47
Skyworth 8S70 E6200,47
Redmi Note 2,47
rk3188,47
PX1900,47
9R43 E3500,47
M95,47
KIUI_AW31S,47
Hi3798CV100,47
LED40EC310JD1000,48
H2903,48
CHM-TL00H,48
iS-E5-NGH,48
NV3013,48
Skyworth 8S79 G6,49
Fiberhome_HG680V_5_HN,49
A77,49
i71S,49
LED55K20JD0001,49
LED42K610J3DP1000,49
m2 note,49
Redmi 4X,49
vivo Y67,49
Global_Edition_S800,49
OPPO R9sk,49
Q7,50
RCRK01b,50
OPPO A33m,50
H8G,50
Letv X3-43S,50
Le X620,50
YK-K1S,50
H7C,51
magton,51
K380,51
Hi3798CV200,51
Skyworth 8S51,51
CM101s-2,51
9R20 X5,51
Skyworth 8S41 E3500,51
HIMEDIA Q3IIemmc,51
KBE_H3,52
CM101s2,52
HTV BOX HTV (II),52
A31c,52
CH_38i_512M,52
17TV 55S9i,52
HiDPTAndroid,52
JNJ_SA15_1280X800_SAW007,53
led50xt900x3du0002,54
T6,54
9R59 G7,54
X900JTYL,54
Konka Android TV,54
CER2,54
BTV-W09,55
Redmi 4A,55
Skyworth 8R93 E5DHR,55
BSLYUN_RK3128,55
MI MAX,55
Q0102,55
SM-G9350,55
VENZ,55
FDR-A01w,56
EC6108V9A_pub_sdllt,56
KIUI6-M,56
HM NOTE 1S,56
8H73 M6,57
TP mini,57
YX_SA15_1366X768_SAW007,57
LE55AL88,57
Skyworth 8S51 E5DHR,57
CM101s5_HN,57
Skyworth 8H73 M6,58
ideatv A21,58
CHD3000iD,58
MiBOX4,58
Q5??,58
Skyworth 8A10 E860,59
LED32K360X3D,59
KIUI_MS9180_F,59
MagicBox1s,59
VA_32MOS,59
H7S,59
Android TV on Haier 6A600hd,59
Suning 8R97 50U600D,59
M19,60
LED47K610J3DP,60
gs701b,60
GT-I9500,60
8S79 G6,60
mt8127_box_p1v1,60
B-200,61
LED55K610X3D0022,61
MiTV3S,61
EC590,61
Suma-Q5-03,62
LYTVBOX,62
MagicBox_T17,62
Full AOSP on konka_800C_DTMB,62
OPPO A59m,63
EC6108V9_pub_gdydx,63
OPPO R9s Plus,63
rk322x-box,63
KBE_SA15_1440X900_SAW007,63
AQUOS 50U3A,63
CER3,64
SHAFA,64
rk30sdk,64
T1-A23L,64
Letv U4,64
Skyworth 9R52 G6,65
Letv X3-50,65
SmartTV,65
S18 JTYL,65
Redmi Note 4,65
KONKA_6200U_MS638,65
MBX reference board (f20ref),66
8H73 V5,66
A4,66
SANSUI,67
l5450,67
Konka Android TV 2991,67
LED58K610X3D,67
3128_FG,68
JIUZHOU_PTV-8098-03,68
X4-50Pro,68
INPHIC_I9,68
Skyworth 8H73 M5,69
vivo X7,69
VAM_3128,69
Letv X3-65,69
T8,70
9R53 G6,70
S805_512M,70
vivo Y66,70
BS_32M,70
A91,70
MI PAD 2,70
KKTV_K43_D,71
vivo Y51A,71
MI 5,71
EC6108V9_8G,71
10MOONS_D6Q,72
VAM_3368LY,72
A31,72
EC6108V9_pub_hnydx,72
AQUOS 60UD30A,73
A8,73
KKTV_K43,73
LED55K610X3D0011,73
UNT400,74
GB808,74
HiSTBAndroidV5 Hi3716CV200,74
Skyworth 9R43 E3500,74
RK3128_MYSOTO_MOBILE_52,74
Coocaa Android TV,74
ysten-E5NGW,74
Dual Core TV BOX,74
Skyworth 8S52 E510E,74
JIUZHOU_PTV-8508-03,74
Skyworth 9R20 X5,75
8A20 V8E,75
AQUOS 58U3A,75
LE48AL88,75
10MOONS_3368,76
VIDAA,76
HUAWEI NXT-AL10,77
INPHIC_RK3128,77
OPPO R11,77
JNJ_SA15_1440X900_SAW007,78
60861,78
EC6108V9U_pub_hbjdx,79
X4-50,79
LED42K600X3D1000,79
A7,80
KKTV Android TV 638,80
Skyworth 9R20 E3500,80
vivo X9,80
Skyworth Hi3751V60064bit,81
Skyworth 8S09 E790,81
WS860s,81
vivo Y51,82
X4-40,82
LED55K610X3D1022,83
S101JTYL,83
VAM_3229LY,83
INPHIC_I6,84
A11,84
B860A,84
Skyworth 9R20 S9,85
M638_ALI,85
H2901,86
MiTV2S-48,86
LCD-V3A,87
Skyworth 8S26 U2,87
Redmi Note 4X,87
X4-43,87
Softwinner,88
eagle-tc,88
LE42A5000,88
YK-K1,88
S10 JTYL,89
Tcl Android TV,89
KONKA_800C,89
S900JTYL,89
VT-E03,89
Skyworth 8R79 E362W,89
SKYWORTH-E900V21C-3,89
OPPO R9m,90
MiTV2-55,91
rk2928sdk,92
CM101s-2-3,92
A9,92
HaierT866,93
8S70 E6200,93
Q5,93
BSL_R10,93
LED50K610X3D,93
A92,94
10MOONS_ELF5,94
softwinner,95
we45,95
MiTV3S-48,95
Skyworth 8K94 E780U,96
AMLOGIC8726MX,97
EC6108V9_pub_lnldx,98
OPPO A33,99
MHA-AL00,100
??HG680-V  526885318@qq.com????,100
LED47K610J3DP1000,101
K9,101
PX2700,102
H7,102
Letv X3-40S,103
MBX reference board (g18ref),103
Skyworth 8R93 E510E,103
X4-55,103
Skyworth 8S06 E760,104
CTS-A2.AF002.8189,106
TSB Android TV,106
Konka Android TV 628,106
Full AOSP on NS115,107
HTV BOX HTV3,107
H9S,108
Konka Android TV 2984,109
NV3010,109
Skyworth 8R99 49E790U,110
XS,113
Redmi Note 3,113
Skyworth 8S53 E660C,114
Skyworth 8H73 V5,115
Skyworth 8A16 K1,115
OPPO R9s,115
ITV930,115
LYCOO_2.1,116
M311,116
B860AV1.1,117
Android TV on QingJi QT5A3,117
INPHIC_I9E,118
Konka Android TV 2982,119
B860AV2.1_3,120
VAM_3128LY,122
OPPO A59s,122
Letv X3-43,123
HIMEDIA HD600AIIemmc,123
C5000i,124
OPPO A37m,124
Skyworth 8H73 E6000,127
Q+,127
Android TV on Konka 901,127
q201,127
rk312x_meileshi52,128
10MOONS_D1J,129
H4401,130
H2,131
8S61_14A43,132
B860AV2.1,133
H2902,134
H10G,135
10MOONS_D6U,135
INPHIC_RK3368,136
Skyworth 8H80 G8200,136
Smart TVBOX,137
rk312x_angyt70,138
EC6108V9_4K_????,139
9R52 G6,141
OPPO A57,144
Full AOSP on Hisense Amber3,145
E150,146
Full AOSP on Hisense Amber3(NAND),146
XGIMI TV,147
m201_512m,148
KT961,149
M101_YST_3,150
rtd294x_tv010,154
MagicBox,155
rtd299x_tv013,157
Skyworth 8K56 E380S,159
n311,159
PULIER_RK28_XX,161
9R08 E6000,161
Full AOSP on konka_800C,163
H32DB3100T,163
LCD-S3A-01,166
HS-EG909,166
MagicBox_M16S,167
LC-910,170
VIDAABOX,170
rkpx3,170
KBE_H8,170
DYOS,172
8H73 E6000,172
Letv X3-55,173
60881,174
B-303,176
Letv X50 Air,177
MOONSHINING-M1,177
Skyworth 8S82 E5,178
H7K,179
H97A,181
rockchip,181
ideatv K82,182
HMD_TVBOX,184
SmartProjector,185
Skyworth 8R97 E790U,185
Letv X3-40,186
Konka Android TV 2969,186
Skyworth 8H83 6000,188
eagle,190
B-203,191
Full AOSP on Haier Amber3,192
gb,193
BAOFENG_TV AML_T866,196
MiTV3,196
MiTV2-40,197
VSOON_3128,199
CTS-A2.AF001.8188,200
Skyworth 8S51 E510E,201
S10_JTYL,203
LED50K610X3D1011,204
BesTV_R1229,204
INPHIC_H3,206
10MOONS_ELF6,209
Konka Android TV 828,210
LED42K600X3D,212
dolphin,212
MI PAD,214
KBE_SA15_1280X800_SAW007,214
9R10_E690U,215
Skyworth 8S26 14U,215
T20A,216
Skyworth 8A13 K1,223
EC6108V9,223
Skyworth 8K98 E780U,223
HiTV-M1,224
Haier Android TV,225
AOSP on p331,231
CM101s,231
OTT_RK3128,233
B-202,237
konka KKHi3751AV500,247
TV918,248
MiTV4A,251
P07,252
TCL-CN-AM6C-A71C-MG,254
VA_3128,256
Skyworth 8A12 E730,257
n200C,262
Android TV on Tcl 901,263
8H83 E6000,264
Skyworth 8R98 E790U,264
Konka Android TV 918,264
M330,265
9R15_E710U,271
Hisense PX3000,272
public_zh,275
Full AOSP on MStar Eagle,275
Skyworth 8S07 K1C,277
TV608,277
BRAVIA 4K 2015,283
ZM_Z31,284
BAOFENG_TV MST_6A338,297
LEDC2000i,299
we30v,300
LED50K610X3D0011,306
INPHIC_I9H,306
Generic Android on mt5880,307
MagicBox1s_Pro,307
LG Android TV,309
rk3368-box,310
F1(X),313
RK3128_MYSOTO_52,331
608pb831,333
MagicBox_M17,337
Letv S50 Air,343
MBX reference board (f16ref),346
A3_905X,347
Skyworth 9R20 E390E,348
Full AOSP on Konka Amber3,353
MagicBox2,354
DM4036,371
CM101s3,380
SF108,383
PBFA3211A,384
Full AOSP on Tcl Amber3,386
DM1016,390
Android TV on MStar Amber3,395
EC6108V93,402
Skyworth 9R08 E6000,410
Letv S40 Air,422
TV628,428
Skyworth Android TV,470
W713,488
SoftwinerEvb,504
MiTV,507
n200,510
YPPL-RK3128,512
rk312x,514
Full AOSP on Skyworth Amber3,518
we30s,522
pptv85_bx_kk,532
MiBOX_iCNTV,552
Skyworth 8S61 14K,581
C3000i,589
608p83,590
8H87 G7200,592
unknown,609
LeTVX60,617
Skyworth 8K93 E780U,632
Android TV on Haier 6A600,638
Konka Android TV 638,642
Hi3798MV100,661
MO9,663
m201,699
PX2600,703
Konka Android TV 818,723
Letv New C1S,759
Skyworth 8R96 E660E,784
M321,795
MiBOX_mini,816
DM1001,852
W960,860
Letv C1S,870
we20mg,879
Changhong Android TV,887
Skyworth 8K55 E680,910
MagicBox1s_Plus,936
MagicBox_M13,960
Skyworth 9R10 E690U,965
MiBOX3S,1028
BRAVIA 4K GB,1051
??????,1083
Konka Android TV 2992,1088
MiBOX3_PRO,1117
TCL Android TV,1214
we20c,1225
MagicBox_M16C,1230
MStar Android TV,1254
Vision-TV,1266
Generic Android on mt5882,1301
MiBOX3,1392
Skyworth 9R15 E710U,1400
MiTV2-49,1410
ChangHong Android TV,1415
Vision_TV,1415
rtd299x_tv030,1596
M310,1621
Full AOSP on godbox,1661
we20s,2516
Skyworth 8S50 E510E,2582
we30,2601
Skyworth 8S51 E510,3114
MiBOX1S,3150
MiBOX2,3699
we30pro,3876
we30c,4306
VIDAA_TV,5961
